timestamp_iso,timestamp_unix,system,point_id,condition,region,channel,cycle_idx,n_valid,gt_x,gt_y,gt_z,r_AN0,r_AN1,r_AN2,r_AN3,r_AN4,pos_x,pos_y,pos_z,qf
2026-06-11 15:17:04.093,1781180224.094,DWM1001C,129,LOS,punct_exterior,5,1,3,9.965,19.0,1.0,,,11.97,4.62,1.71,,,,
2026-06-11 15:17:04.218,1781180224.219,DWM1001C,129,LOS,punct_exterior,5,2,3,9.965,19.0,1.0,,,12.06,4.71,1.72,,,,
2026-06-11 15:17:04.302,1781180224.302,DWM1001C,129,LOS,punct_exterior,5,3,3,9.965,19.0,1.0,,,12.01,4.57,1.69,,,,
2026-06-11 15:17:04.406,1781180224.407,DWM1001C,129,LOS,punct_exterior,5,4,3,9.965,19.0,1.0,,,12.03,4.57,1.71,,,,
2026-06-11 15:17:04.510,1781180224.511,DWM1001C,129,LOS,punct_exterior,5,5,3,9.965,19.0,1.0,,,12.0,4.76,1.67,,,,
2026-06-11 15:17:04.614,1781180224.614,DWM1001C,129,LOS,punct_exterior,5,6,3,9.965,19.0,1.0,,,12.02,4.58,1.7,,,,
2026-06-11 15:17:04.697,1781180224.697,DWM1001C,129,LOS,punct_exterior,5,7,3,9.965,19.0,1.0,,,12.0,4.65,1.7,,,,
2026-06-11 15:17:04.801,1781180224.802,DWM1001C,129,LOS,punct_exterior,5,8,3,9.965,19.0,1.0,,,12.1,4.57,1.74,,,,
2026-06-11 15:17:04.906,1781180224.906,DWM1001C,129,LOS,punct_exterior,5,9,3,9.965,19.0,1.0,,,11.94,4.53,1.69,,,,
2026-06-11 15:17:05.010,1781180225.01,DWM1001C,129,LOS,punct_exterior,5,10,3,9.965,19.0,1.0,,,12.04,4.59,1.73,,,,
2026-06-11 15:17:05.113,1781180225.114,DWM1001C,129,LOS,punct_exterior,5,11,3,9.965,19.0,1.0,,,11.97,4.53,1.71,,,,
2026-06-11 15:17:05.217,1781180225.218,DWM1001C,129,LOS,punct_exterior,5,12,3,9.965,19.0,1.0,,,11.99,4.52,1.7,,,,
2026-06-11 15:17:05.300,1781180225.301,DWM1001C,129,LOS,punct_exterior,5,13,3,9.965,19.0,1.0,,,12.01,4.66,1.73,,,,
2026-06-11 15:17:05.405,1781180225.406,DWM1001C,129,LOS,punct_exterior,5,14,3,9.965,19.0,1.0,,,11.99,4.53,1.73,,,,
2026-06-11 15:17:05.510,1781180225.51,DWM1001C,129,LOS,punct_exterior,5,15,3,9.965,19.0,1.0,,,12.0,4.59,1.68,,,,
2026-06-11 15:17:05.614,1781180225.614,DWM1001C,129,LOS,punct_exterior,5,16,3,9.965,19.0,1.0,,,12.02,4.55,1.7,,,,
2026-06-11 15:17:05.718,1781180225.718,DWM1001C,129,LOS,punct_exterior,5,17,3,9.965,19.0,1.0,,,12.01,4.55,1.73,,,,
2026-06-11 15:17:05.801,1781180225.802,DWM1001C,129,LOS,punct_exterior,5,18,3,9.965,19.0,1.0,,,11.98,4.59,1.71,,,,
2026-06-11 15:17:05.905,1781180225.906,DWM1001C,129,LOS,punct_exterior,5,19,3,9.965,19.0,1.0,,,12.04,4.6,1.73,,,,
2026-06-11 15:17:06.009,1781180226.01,DWM1001C,129,LOS,punct_exterior,5,20,3,9.965,19.0,1.0,,,11.94,4.81,1.72,,,,
2026-06-11 15:17:06.113,1781180226.114,DWM1001C,129,LOS,punct_exterior,5,21,3,9.965,19.0,1.0,,,12.03,4.63,1.7,,,,
2026-06-11 15:17:06.196,1781180226.196,DWM1001C,129,LOS,punct_exterior,5,22,3,9.965,19.0,1.0,,,12.01,4.54,1.69,,,,
2026-06-11 15:17:06.302,1781180226.303,DWM1001C,129,LOS,punct_exterior,5,23,3,9.965,19.0,1.0,,,12.04,4.58,1.7,,,,
2026-06-11 15:17:06.400,1781180226.4,DWM1001C,129,LOS,punct_exterior,5,24,3,9.965,19.0,1.0,,,12.02,4.54,1.69,,,,
2026-06-11 15:17:06.502,1781180226.503,DWM1001C,129,LOS,punct_exterior,5,25,3,9.965,19.0,1.0,,,12.06,4.51,1.66,,,,
2026-06-11 15:17:06.606,1781180226.607,DWM1001C,129,LOS,punct_exterior,5,26,3,9.965,19.0,1.0,,,11.96,4.67,1.73,,,,
2026-06-11 15:17:06.710,1781180226.71,DWM1001C,129,LOS,punct_exterior,5,27,3,9.965,19.0,1.0,,,12.03,4.57,1.64,,,,
2026-06-11 15:17:06.813,1781180226.814,DWM1001C,129,LOS,punct_exterior,5,28,3,9.965,19.0,1.0,,,11.98,4.61,1.71,,,,
2026-06-11 15:17:06.896,1781180226.897,DWM1001C,129,LOS,punct_exterior,5,29,3,9.965,19.0,1.0,,,12.0,4.58,1.72,,,,
2026-06-11 15:17:07.000,1781180227.0,DWM1001C,129,LOS,punct_exterior,5,30,3,9.965,19.0,1.0,,,12.05,4.49,1.7,,,,
2026-06-11 15:21:17.919,1781180477.92,DWM1001C,112,LOS,punct_exterior,5,1,4,1.965,18.0,1.0,17.67,,6.35,4.7,9.91,1.33,-18.04,0.88,99.0
2026-06-11 15:21:18.023,1781180478.024,DWM1001C,112,LOS,punct_exterior,5,2,4,1.965,18.0,1.0,17.7,,6.38,4.69,10.02,1.32,-18.05,0.96,99.0
2026-06-11 15:21:18.127,1781180478.128,DWM1001C,112,LOS,punct_exterior,5,3,4,1.965,18.0,1.0,17.63,,6.37,4.68,9.89,1.34,-18.04,1.13,98.0
2026-06-11 15:21:18.231,1781180478.232,DWM1001C,112,LOS,punct_exterior,5,4,4,1.965,18.0,1.0,17.68,,6.43,4.66,9.9,1.34,-18.07,1.1,99.0
2026-06-11 15:21:18.314,1781180478.315,DWM1001C,112,LOS,punct_exterior,5,5,4,1.965,18.0,1.0,17.55,,6.36,4.69,9.9,1.37,-18.04,1.33,97.0
2026-06-11 15:21:18.418,1781180478.418,DWM1001C,112,LOS,punct_exterior,5,6,4,1.965,18.0,1.0,17.6,,6.38,4.67,9.94,1.38,-18.03,1.46,98.0
2026-06-11 15:21:18.521,1781180478.522,DWM1001C,112,LOS,punct_exterior,5,7,4,1.965,18.0,1.0,17.55,,6.35,4.75,9.9,1.39,-18.01,1.58,98.0
2026-06-11 15:21:18.626,1781180478.627,DWM1001C,112,LOS,punct_exterior,5,8,4,1.965,18.0,1.0,17.51,,6.36,4.81,9.88,1.41,-17.98,1.73,97.0
2026-06-11 15:21:18.730,1781180478.731,DWM1001C,112,LOS,punct_exterior,5,9,4,1.965,18.0,1.0,17.6,,6.35,4.76,9.9,1.4,-17.98,1.72,98.0
2026-06-11 15:21:18.814,1781180478.814,DWM1001C,112,LOS,punct_exterior,5,10,4,1.965,18.0,1.0,17.65,,6.32,4.79,9.97,1.37,-17.98,1.2,99.0
2026-06-11 15:21:18.918,1781180478.918,DWM1001C,112,LOS,punct_exterior,5,11,4,1.965,18.0,1.0,17.65,,6.32,4.86,9.96,1.37,-17.94,0.68,98.0
2026-06-11 15:21:19.021,1781180479.022,DWM1001C,112,LOS,punct_exterior,5,12,4,1.965,18.0,1.0,17.63,,6.36,4.9,9.87,1.42,-17.89,0.14,96.0
2026-06-11 15:21:19.125,1781180479.126,DWM1001C,112,LOS,punct_exterior,5,13,4,1.965,18.0,1.0,17.66,,6.45,4.88,9.96,1.4,-17.93,0.59,98.0
2026-06-11 15:21:19.208,1781180479.209,DWM1001C,112,LOS,punct_exterior,5,14,4,1.965,18.0,1.0,17.73,,6.41,4.95,9.89,1.44,-17.88,0.04,96.0
2026-06-11 15:21:19.311,1781180479.312,DWM1001C,112,LOS,punct_exterior,5,15,4,1.965,18.0,1.0,17.66,,6.39,4.86,9.88,1.43,-17.92,0.41,98.0
2026-06-11 15:21:19.415,1781180479.415,DWM1001C,112,LOS,punct_exterior,5,16,4,1.965,18.0,1.0,17.69,,6.39,4.78,9.96,1.4,-17.96,0.64,99.0
2026-06-11 15:21:19.518,1781180479.518,DWM1001C,112,LOS,punct_exterior,5,17,4,1.965,18.0,1.0,17.6,,6.35,4.77,9.89,1.39,-17.97,0.91,98.0
2026-06-11 15:21:19.620,1781180479.62,DWM1001C,112,LOS,punct_exterior,5,18,4,1.965,18.0,1.0,17.7,,6.34,4.82,9.95,1.39,-17.96,0.5,98.0
2026-06-11 15:21:19.722,1781180479.722,DWM1001C,112,LOS,punct_exterior,5,19,4,1.965,18.0,1.0,17.68,,6.39,4.83,9.9,1.36,-17.98,0.72,99.0
2026-06-11 15:21:19.825,1781180479.826,DWM1001C,112,LOS,punct_exterior,5,20,4,1.965,18.0,1.0,17.62,,6.33,4.76,9.88,1.38,-17.96,0.35,98.0
2026-06-11 15:21:19.929,1781180479.93,DWM1001C,112,LOS,punct_exterior,5,21,4,1.965,18.0,1.0,17.61,,6.4,4.76,9.97,1.38,-17.97,0.75,98.0
2026-06-11 15:21:20.033,1781180480.034,DWM1001C,112,LOS,punct_exterior,5,22,4,1.965,18.0,1.0,17.68,,6.31,4.8,9.9,1.39,-17.94,0.34,98.0
2026-06-11 15:21:20.117,1781180480.117,DWM1001C,112,LOS,punct_exterior,5,23,4,1.965,18.0,1.0,17.61,,6.39,4.81,9.94,1.39,-17.95,0.72,98.0
2026-06-11 15:21:20.221,1781180480.222,DWM1001C,112,LOS,punct_exterior,5,24,4,1.965,18.0,1.0,17.71,,6.38,4.83,9.9,1.34,-17.98,0.82,99.0
2026-06-11 15:21:20.325,1781180480.326,DWM1001C,112,LOS,punct_exterior,5,25,4,1.965,18.0,1.0,17.6,,6.39,4.79,9.91,1.35,-17.98,1.09,98.0
2026-06-11 15:21:20.429,1781180480.43,DWM1001C,112,LOS,punct_exterior,5,26,4,1.965,18.0,1.0,17.71,,6.4,4.79,9.94,1.36,-17.99,0.67,98.0
2026-06-11 15:21:20.513,1781180480.513,DWM1001C,112,LOS,punct_exterior,5,27,4,1.965,18.0,1.0,17.73,,6.38,4.79,9.95,1.36,-17.99,0.37,98.0
2026-06-11 15:21:20.617,1781180480.618,DWM1001C,112,LOS,punct_exterior,5,28,4,1.965,18.0,1.0,17.71,,6.37,4.76,9.93,1.36,-17.99,0.16,98.0
2026-06-11 15:21:20.721,1781180480.722,DWM1001C,112,LOS,punct_exterior,5,29,4,1.965,18.0,1.0,17.7,,6.44,4.76,9.9,1.36,-18.02,0.52,98.0
2026-06-11 15:21:20.824,1781180480.825,DWM1001C,112,LOS,punct_exterior,5,30,4,1.965,18.0,1.0,17.64,,6.41,4.76,10.0,1.36,-18.02,0.85,98.0
2026-06-11 15:23:01.218,1781180581.218,DWM1001C,26,LOS,punct_exterior,5,1,4,0.965,6.0,1.0,5.66,6.89,5.99,13.02,,0.76,-5.77,0.45,90.0
2026-06-11 15:23:01.321,1781180581.322,DWM1001C,26,LOS,punct_exterior,5,2,4,0.965,6.0,1.0,5.69,6.95,6.05,13.04,,0.77,-5.76,0.38,90.0
2026-06-11 15:23:01.425,1781180581.426,DWM1001C,26,LOS,punct_exterior,5,3,4,0.965,6.0,1.0,5.67,6.9,6.03,12.97,,0.49,-5.71,0.66,92.0
2026-06-11 15:23:01.529,1781180581.53,DWM1001C,26,LOS,punct_exterior,5,4,4,0.965,6.0,1.0,5.69,6.89,5.96,13.03,,0.6,-5.74,0.57,90.0
2026-06-11 15:23:01.612,1781180581.612,DWM1001C,26,LOS,punct_exterior,5,5,4,0.965,6.0,1.0,5.69,6.92,5.96,12.94,,0.67,-5.76,0.53,90.0
2026-06-11 15:23:01.716,1781180581.717,DWM1001C,26,LOS,punct_exterior,5,6,4,0.965,6.0,1.0,5.68,6.97,6.0,13.01,,0.69,-5.77,0.5,90.0
2026-06-11 15:23:01.820,1781180581.821,DWM1001C,26,LOS,punct_exterior,5,7,4,0.965,6.0,1.0,5.68,6.88,5.99,12.94,,0.75,-5.77,0.44,90.0
2026-06-11 15:23:01.924,1781180581.925,DWM1001C,26,LOS,punct_exterior,5,8,4,0.965,6.0,1.0,5.66,6.87,6.02,13.01,,0.8,-5.77,0.39,90.0
2026-06-11 15:23:02.028,1781180582.029,DWM1001C,26,LOS,punct_exterior,5,9,4,0.965,6.0,1.0,5.66,6.95,6.05,13.06,,0.79,-5.76,0.37,90.0
2026-06-11 15:23:02.131,1781180582.131,DWM1001C,26,LOS,punct_exterior,5,10,4,0.965,6.0,1.0,5.68,6.84,6.02,13.0,,0.85,-5.76,0.3,90.0
2026-06-11 15:23:02.234,1781180582.234,DWM1001C,26,LOS,punct_exterior,5,11,4,0.965,6.0,1.0,5.66,6.9,5.97,13.04,,0.85,-5.77,0.33,90.0
2026-06-11 15:23:02.317,1781180582.318,DWM1001C,26,LOS,punct_exterior,5,12,4,0.965,6.0,1.0,5.68,6.89,5.92,13.05,,0.87,-5.79,0.38,90.0
2026-06-11 15:23:02.420,1781180582.421,DWM1001C,26,LOS,punct_exterior,5,13,4,0.965,6.0,1.0,5.64,6.89,5.97,13.1,,0.87,-5.79,0.42,90.0
2026-06-11 15:23:02.524,1781180582.525,DWM1001C,26,LOS,punct_exterior,5,14,4,0.965,6.0,1.0,5.65,6.88,5.99,12.99,,0.87,-5.79,0.42,90.0
2026-06-11 15:23:02.628,1781180582.628,DWM1001C,26,LOS,punct_exterior,5,15,4,0.965,6.0,1.0,5.67,6.94,6.0,13.14,,0.85,-5.79,0.42,90.0
2026-06-11 15:23:02.732,1781180582.732,DWM1001C,26,LOS,punct_exterior,5,16,4,0.965,6.0,1.0,5.68,6.94,5.99,13.01,,0.84,-5.79,0.41,90.0
2026-06-11 15:23:02.815,1781180582.815,DWM1001C,26,LOS,punct_exterior,5,17,4,0.965,6.0,1.0,5.67,6.9,6.03,13.07,,0.85,-5.78,0.36,90.0
2026-06-11 15:23:02.918,1781180582.919,DWM1001C,26,LOS,punct_exterior,5,18,4,0.965,6.0,1.0,5.67,6.95,6.03,13.04,,0.83,-5.78,0.35,90.0
2026-06-11 15:23:03.022,1781180583.022,DWM1001C,26,LOS,punct_exterior,5,19,4,0.965,6.0,1.0,5.68,6.89,5.98,13.07,,0.86,-5.78,0.33,90.0
2026-06-11 15:23:03.126,1781180583.126,DWM1001C,26,LOS,punct_exterior,5,20,4,0.965,6.0,1.0,5.69,6.91,6.01,13.07,,0.87,-5.78,0.3,90.0
2026-06-11 15:23:03.230,1781180583.231,DWM1001C,26,LOS,punct_exterior,5,21,4,0.965,6.0,1.0,5.71,6.88,6.0,13.01,,0.9,-5.78,0.25,90.0
2026-06-11 15:23:03.335,1781180583.336,DWM1001C,26,LOS,punct_exterior,5,22,4,0.965,6.0,1.0,5.68,6.88,5.97,13.09,,0.91,-5.79,0.27,90.0
2026-06-11 15:23:03.418,1781180583.419,DWM1001C,26,LOS,punct_exterior,5,23,4,0.965,6.0,1.0,5.69,6.92,6.04,13.0,,0.91,-5.78,0.23,90.0
2026-06-11 15:23:03.522,1781180583.523,DWM1001C,26,LOS,punct_exterior,5,24,4,0.965,6.0,1.0,5.66,6.88,5.98,13.09,,0.91,-5.78,0.27,90.0
2026-06-11 15:23:03.626,1781180583.626,DWM1001C,26,LOS,punct_exterior,5,25,4,0.965,6.0,1.0,5.7,6.9,6.05,12.98,,0.62,-5.7,0.26,92.0
2026-06-11 15:23:03.729,1781180583.73,DWM1001C,26,LOS,punct_exterior,5,26,4,0.965,6.0,1.0,5.68,6.92,5.98,13.0,,0.68,-5.73,0.28,90.0
2026-06-11 15:23:03.812,1781180583.812,DWM1001C,26,LOS,punct_exterior,5,27,4,0.965,6.0,1.0,5.66,6.92,6.06,13.03,,0.71,-5.73,0.27,90.0
2026-06-11 15:23:03.916,1781180583.916,DWM1001C,26,LOS,punct_exterior,5,28,4,0.965,6.0,1.0,5.67,6.84,6.04,13.09,,0.79,-5.73,0.22,90.0
2026-06-11 15:23:04.020,1781180584.021,DWM1001C,26,LOS,punct_exterior,5,29,4,0.965,6.0,1.0,5.65,6.98,5.95,13.02,,0.76,-5.76,0.41,90.0
2026-06-11 15:23:04.124,1781180584.124,DWM1001C,26,LOS,punct_exterior,5,30,4,0.965,6.0,1.0,5.69,6.92,6.0,13.09,,0.79,-5.77,0.37,90.0
2026-06-11 15:23:36.913,1781180616.914,DWM1001C,1,LOS,punct_exterior,5,1,4,0.965,1.0,1.0,0.86,3.87,12.13,18.14,,2.12,0.15,2.11,74.0
2026-06-11 15:23:37.017,1781180617.017,DWM1001C,1,LOS,punct_exterior,5,2,4,0.965,1.0,1.0,0.91,3.88,11.79,18.04,,1.93,0.1,2.16,79.0
2026-06-11 15:23:37.121,1781180617.121,DWM1001C,1,LOS,punct_exterior,5,3,4,0.965,1.0,1.0,0.86,3.89,11.22,17.92,,,,,
2026-06-11 15:23:37.224,1781180617.225,DWM1001C,1,LOS,punct_exterior,5,4,4,0.965,1.0,1.0,0.8,3.94,11.47,17.83,,1.7,0.07,1.96,92.0
2026-06-11 15:23:37.327,1781180617.328,DWM1001C,1,LOS,punct_exterior,5,5,4,0.965,1.0,1.0,0.86,3.91,11.04,17.75,,,,,
2026-06-11 15:23:37.431,1781180617.431,DWM1001C,1,LOS,punct_exterior,5,6,4,0.965,1.0,1.0,0.87,3.93,11.31,17.66,,1.53,-0.05,1.97,97.0
2026-06-11 15:23:37.514,1781180617.515,DWM1001C,1,LOS,punct_exterior,5,7,4,0.965,1.0,1.0,0.9,3.93,11.1,17.74,,,,,
2026-06-11 15:23:37.618,1781180617.618,DWM1001C,1,LOS,punct_exterior,5,8,4,0.965,1.0,1.0,0.8,3.92,11.28,17.76,,,,,
2026-06-11 15:23:37.722,1781180617.722,DWM1001C,1,LOS,punct_exterior,5,9,4,0.965,1.0,1.0,0.86,4.01,12.13,17.81,,,,,
2026-06-11 15:23:37.826,1781180617.827,DWM1001C,1,LOS,punct_exterior,5,10,4,0.965,1.0,1.0,0.88,3.93,12.06,17.79,,,,,
2026-06-11 15:23:37.929,1781180617.93,DWM1001C,1,LOS,punct_exterior,5,11,4,0.965,1.0,1.0,0.89,3.95,10.97,17.75,,,,,
2026-06-11 15:23:38.032,1781180618.032,DWM1001C,1,LOS,punct_exterior,5,12,4,0.965,1.0,1.0,0.85,3.93,11.5,17.91,,,,,
2026-06-11 15:23:38.115,1781180618.115,DWM1001C,1,LOS,punct_exterior,5,13,4,0.965,1.0,1.0,0.87,3.96,12.06,17.82,,,,,
2026-06-11 15:23:38.218,1781180618.218,DWM1001C,1,LOS,punct_exterior,5,14,4,0.965,1.0,1.0,0.84,3.97,12.34,17.81,,,,,
2026-06-11 15:23:38.321,1781180618.321,DWM1001C,1,LOS,punct_exterior,5,15,4,0.965,1.0,1.0,0.88,3.88,12.29,17.84,,,,,
2026-06-11 15:23:38.424,1781180618.424,DWM1001C,1,LOS,punct_exterior,5,16,4,0.965,1.0,1.0,0.85,3.94,12.17,17.84,,,,,
2026-06-11 15:23:38.528,1781180618.529,DWM1001C,1,LOS,punct_exterior,5,17,4,0.965,1.0,1.0,0.88,3.92,12.28,17.85,,,,,
2026-06-11 15:23:38.631,1781180618.632,DWM1001C,1,LOS,punct_exterior,5,18,4,0.965,1.0,1.0,0.84,3.91,12.24,17.84,,,,,
2026-06-11 15:23:38.715,1781180618.715,DWM1001C,1,LOS,punct_exterior,5,19,4,0.965,1.0,1.0,0.84,3.94,12.35,17.8,,,,,
2026-06-11 15:23:38.818,1781180618.818,DWM1001C,1,LOS,punct_exterior,5,20,4,0.965,1.0,1.0,0.82,3.93,12.27,17.76,,,,,
2026-06-11 15:23:38.921,1781180618.922,DWM1001C,1,LOS,punct_exterior,5,21,4,0.965,1.0,1.0,0.88,3.95,12.38,17.75,,,,,
2026-06-11 15:23:39.024,1781180619.025,DWM1001C,1,LOS,punct_exterior,5,22,4,0.965,1.0,1.0,0.88,3.94,12.34,17.88,,,,,
2026-06-11 15:23:39.126,1781180619.127,DWM1001C,1,LOS,punct_exterior,5,23,4,0.965,1.0,1.0,0.84,3.93,12.06,17.9,,,,,
2026-06-11 15:23:39.209,1781180619.209,DWM1001C,1,LOS,punct_exterior,5,24,4,0.965,1.0,1.0,0.86,3.93,12.23,17.76,,,,,
2026-06-11 15:23:39.312,1781180619.312,DWM1001C,1,LOS,punct_exterior,5,25,4,0.965,1.0,1.0,0.91,3.97,12.07,17.75,,,,,
2026-06-11 15:23:39.415,1781180619.415,DWM1001C,1,LOS,punct_exterior,5,26,4,0.965,1.0,1.0,0.81,3.9,12.11,17.8,,,,,
2026-06-11 15:23:39.517,1781180619.518,DWM1001C,1,LOS,punct_exterior,5,27,4,0.965,1.0,1.0,0.79,3.97,12.15,17.83,,,,,
2026-06-11 15:23:39.622,1781180619.622,DWM1001C,1,LOS,punct_exterior,5,28,4,0.965,1.0,1.0,0.92,3.96,12.18,17.76,,,,,
2026-06-11 15:23:39.725,1781180619.725,DWM1001C,1,LOS,punct_exterior,5,29,4,0.965,1.0,1.0,0.9,3.95,12.1,17.86,,,,,
2026-06-11 15:23:39.807,1781180619.808,DWM1001C,1,LOS,punct_exterior,5,30,4,0.965,1.0,1.0,0.77,3.97,12.08,17.83,,,,,
2026-06-11 15:23:43.013,1781180623.014,DWM1001C,1,LOS,punct_exterior,5,1,4,0.965,1.0,1.0,0.89,3.9,12.53,17.75,,,,,
2026-06-11 15:23:43.116,1781180623.117,DWM1001C,1,LOS,punct_exterior,5,2,4,0.965,1.0,1.0,0.82,3.92,12.45,17.81,,,,,
2026-06-11 15:23:43.221,1781180623.221,DWM1001C,1,LOS,punct_exterior,5,3,4,0.965,1.0,1.0,0.8,3.93,12.13,17.82,,,,,
2026-06-11 15:23:43.326,1781180623.326,DWM1001C,1,LOS,punct_exterior,5,4,4,0.965,1.0,1.0,0.86,3.89,11.5,17.82,,1.64,-0.17,2.17,96.0
2026-06-11 15:23:43.412,1781180623.413,DWM1001C,1,LOS,punct_exterior,5,5,4,0.965,1.0,1.0,0.89,3.93,12.13,17.84,,,,,
2026-06-11 15:23:43.518,1781180623.519,DWM1001C,1,LOS,punct_exterior,5,6,4,0.965,1.0,1.0,0.81,3.97,12.28,17.82,,,,,
2026-06-11 15:23:43.622,1781180623.622,DWM1001C,1,LOS,punct_exterior,5,7,4,0.965,1.0,1.0,0.84,3.9,12.38,17.88,,,,,
2026-06-11 15:23:43.724,1781180623.724,DWM1001C,1,LOS,punct_exterior,5,8,4,0.965,1.0,1.0,0.87,3.89,12.03,17.86,,,,,
2026-06-11 15:23:43.827,1781180623.827,DWM1001C,1,LOS,punct_exterior,5,9,4,0.965,1.0,1.0,0.87,3.92,12.12,17.86,,,,,
2026-06-11 15:23:43.930,1781180623.931,DWM1001C,1,LOS,punct_exterior,5,10,4,0.965,1.0,1.0,0.86,3.92,12.01,17.93,,1.89,-0.01,2.16,63.0
2026-06-11 15:23:44.013,1781180624.014,DWM1001C,1,LOS,punct_exterior,5,11,4,0.965,1.0,1.0,0.89,3.93,11.88,17.9,,1.98,-0.01,2.24,45.0
2026-06-11 15:23:44.116,1781180624.117,DWM1001C,1,LOS,punct_exterior,5,12,4,0.965,1.0,1.0,0.86,3.91,11.93,17.77,,,,,
2026-06-11 15:23:44.220,1781180624.221,DWM1001C,1,LOS,punct_exterior,5,13,4,0.965,1.0,1.0,0.88,3.89,12.04,17.82,,,,,
2026-06-11 15:23:44.323,1781180624.324,DWM1001C,1,LOS,punct_exterior,5,14,4,0.965,1.0,1.0,0.85,3.89,12.07,17.8,,,,,
2026-06-11 15:23:44.427,1781180624.428,DWM1001C,1,LOS,punct_exterior,5,15,4,0.965,1.0,1.0,0.88,3.89,12.06,17.89,,,,,
2026-06-11 15:23:44.531,1781180624.531,DWM1001C,1,LOS,punct_exterior,5,16,4,0.965,1.0,1.0,0.87,3.9,12.13,17.77,,,,,
2026-06-11 15:23:44.614,1781180624.614,DWM1001C,1,LOS,punct_exterior,5,17,4,0.965,1.0,1.0,0.86,3.9,12.36,17.79,,,,,
2026-06-11 15:23:44.718,1781180624.718,DWM1001C,1,LOS,punct_exterior,5,18,4,0.965,1.0,1.0,0.9,3.92,11.59,17.81,,1.85,-0.08,2.3,71.0
2026-06-11 15:23:44.821,1781180624.822,DWM1001C,1,LOS,punct_exterior,5,19,4,0.965,1.0,1.0,0.87,3.87,12.33,17.75,,1.66,-0.16,2.16,97.0
2026-06-11 15:23:44.925,1781180624.925,DWM1001C,1,LOS,punct_exterior,5,20,4,0.965,1.0,1.0,0.87,3.87,12.33,17.83,,1.52,-0.19,2.05,97.0
2026-06-11 15:23:45.007,1781180625.008,DWM1001C,1,LOS,punct_exterior,5,21,4,0.965,1.0,1.0,0.9,3.91,11.9,17.81,,1.82,-0.13,1.99,73.0
2026-06-11 15:23:45.109,1781180625.11,DWM1001C,1,LOS,punct_exterior,5,22,4,0.965,1.0,1.0,0.9,3.85,11.98,17.91,,1.65,-0.14,1.85,95.0
2026-06-11 15:23:45.211,1781180625.212,DWM1001C,1,LOS,punct_exterior,5,23,4,0.965,1.0,1.0,0.91,3.91,11.89,17.78,,1.93,-0.06,1.93,48.0
2026-06-11 15:23:45.314,1781180625.315,DWM1001C,1,LOS,punct_exterior,5,24,4,0.965,1.0,1.0,0.88,3.93,11.88,17.85,,2.06,-0.04,2.03,39.0
2026-06-11 15:23:45.418,1781180625.418,DWM1001C,1,LOS,punct_exterior,5,25,4,0.965,1.0,1.0,0.86,3.92,11.9,17.82,,2.21,0.0,2.05,51.0
2026-06-11 15:23:45.521,1781180625.522,DWM1001C,1,LOS,punct_exterior,5,26,4,0.965,1.0,1.0,0.87,3.91,11.9,17.86,,2.28,0.01,2.1,41.0
2026-06-11 15:23:45.625,1781180625.626,DWM1001C,1,LOS,punct_exterior,5,27,4,0.965,1.0,1.0,0.89,3.91,11.9,17.8,,2.4,0.06,2.12,46.0
2026-06-11 15:23:45.728,1781180625.729,DWM1001C,1,LOS,punct_exterior,5,28,4,0.965,1.0,1.0,0.85,3.89,11.87,17.87,,2.38,0.04,2.19,43.0
2026-06-11 15:23:45.810,1781180625.811,DWM1001C,1,LOS,punct_exterior,5,29,4,0.965,1.0,1.0,0.87,3.88,11.89,17.89,,2.36,0.03,2.25,44.0
2026-06-11 15:23:45.913,1781180625.914,DWM1001C,1,LOS,punct_exterior,5,30,4,0.965,1.0,1.0,0.88,3.89,12.29,17.85,,,,,
2026-06-11 15:23:52.123,1781180632.124,DWM1001C,1,LOS,punct_exterior,5,1,4,0.965,1.0,1.0,0.87,3.93,12.36,17.85,,,,,
2026-06-11 15:23:52.226,1781180632.226,DWM1001C,1,LOS,punct_exterior,5,2,4,0.965,1.0,1.0,0.75,3.98,12.33,17.82,,,,,
2026-06-11 15:23:52.308,1781180632.308,DWM1001C,1,LOS,punct_exterior,5,3,4,0.965,1.0,1.0,0.87,3.9,12.28,17.76,,,,,
2026-06-11 15:23:52.411,1781180632.411,DWM1001C,1,LOS,punct_exterior,5,4,4,0.965,1.0,1.0,0.83,3.93,11.96,17.82,,,,,
2026-06-11 15:23:52.513,1781180632.514,DWM1001C,1,LOS,punct_exterior,5,5,4,0.965,1.0,1.0,0.84,3.91,11.98,17.85,,,,,
2026-06-11 15:23:52.616,1781180632.616,DWM1001C,1,LOS,punct_exterior,5,6,4,0.965,1.0,1.0,0.87,3.93,11.99,17.9,,2.11,0.17,2.08,57.0
2026-06-11 15:23:52.719,1781180632.719,DWM1001C,1,LOS,punct_exterior,5,7,4,0.965,1.0,1.0,0.86,3.95,10.91,17.91,,,,,
2026-06-11 15:23:52.822,1781180632.822,DWM1001C,1,LOS,punct_exterior,5,8,4,0.965,1.0,1.0,0.87,3.93,11.94,17.82,,,,,
2026-06-11 15:23:52.925,1781180632.925,DWM1001C,1,LOS,punct_exterior,5,9,4,0.965,1.0,1.0,0.9,3.89,11.99,17.85,,2.31,0.28,2.02,61.0
2026-06-11 15:23:53.008,1781180633.009,DWM1001C,1,LOS,punct_exterior,5,10,4,0.965,1.0,1.0,0.84,3.9,11.93,17.97,,2.28,0.23,2.12,55.0
2026-06-11 15:23:53.111,1781180633.112,DWM1001C,1,LOS,punct_exterior,5,11,4,0.965,1.0,1.0,0.85,3.91,11.88,17.84,,2.33,0.17,2.15,39.0
2026-06-11 15:23:53.214,1781180633.215,DWM1001C,1,LOS,punct_exterior,5,12,4,0.965,1.0,1.0,0.87,3.9,11.88,17.99,,2.22,0.13,2.24,56.0
2026-06-11 15:23:53.317,1781180633.318,DWM1001C,1,LOS,punct_exterior,5,13,4,0.965,1.0,1.0,0.86,3.93,11.93,17.94,,2.23,0.11,2.27,51.0
2026-06-11 15:23:53.421,1781180633.421,DWM1001C,1,LOS,punct_exterior,5,14,4,0.965,1.0,1.0,0.84,3.93,11.89,17.91,,2.24,0.09,2.31,48.0
2026-06-11 15:23:53.524,1781180633.525,DWM1001C,1,LOS,punct_exterior,5,15,4,0.965,1.0,1.0,0.92,3.93,11.97,17.83,,2.4,0.19,2.19,57.0
2026-06-11 15:23:53.628,1781180633.629,DWM1001C,1,LOS,punct_exterior,5,16,4,0.965,1.0,1.0,0.85,3.93,11.93,17.83,,2.49,0.24,2.16,55.0
2026-06-11 15:23:53.712,1781180633.713,DWM1001C,1,LOS,punct_exterior,5,17,4,0.965,1.0,1.0,0.84,3.89,11.91,17.92,,2.44,0.19,2.22,49.0
2026-06-11 15:23:53.815,1781180633.816,DWM1001C,1,LOS,punct_exterior,5,18,4,0.965,1.0,1.0,0.84,3.96,11.95,17.88,,2.48,0.21,2.2,56.0
2026-06-11 15:23:53.919,1781180633.919,DWM1001C,1,LOS,punct_exterior,5,19,4,0.965,1.0,1.0,0.85,3.88,11.86,17.86,,2.45,0.16,2.24,42.0
2026-06-11 15:23:54.022,1781180634.023,DWM1001C,1,LOS,punct_exterior,5,20,4,0.965,1.0,1.0,0.87,3.92,12.02,17.85,,,,,
2026-06-11 15:23:54.127,1781180634.128,DWM1001C,1,LOS,punct_exterior,5,21,4,0.965,1.0,1.0,0.86,3.92,12.02,17.92,,2.52,0.28,2.21,68.0
2026-06-11 15:23:54.231,1781180634.231,DWM1001C,1,LOS,punct_exterior,5,22,4,0.965,1.0,1.0,0.87,3.92,11.95,17.81,,,,,
2026-06-11 15:23:54.313,1781180634.314,DWM1001C,1,LOS,punct_exterior,5,23,4,0.965,1.0,1.0,0.87,3.9,12.0,17.9,,2.57,0.34,2.2,63.0
2026-06-11 15:23:54.417,1781180634.418,DWM1001C,1,LOS,punct_exterior,5,24,4,0.965,1.0,1.0,0.85,3.91,12.0,17.89,,2.62,0.42,2.09,66.0
2026-06-11 15:23:54.499,1781180634.5,DWM1001C,1,LOS,punct_exterior,5,25,3,0.965,1.0,1.0,0.85,3.92,12.03,,,,,,
2026-06-11 15:23:54.623,1781180634.624,DWM1001C,1,LOS,punct_exterior,5,26,4,0.965,1.0,1.0,0.88,3.96,11.88,17.92,,2.51,0.32,2.19,47.0
2026-06-11 15:23:54.727,1781180634.727,DWM1001C,1,LOS,punct_exterior,5,27,4,0.965,1.0,1.0,0.84,3.93,12.01,17.98,,2.52,0.29,2.07,56.0
2026-06-11 15:23:54.846,1781180634.847,DWM1001C,1,LOS,punct_exterior,5,28,4,0.965,1.0,1.0,0.89,3.93,11.94,17.98,,2.43,0.23,2.17,53.0
2026-06-11 15:23:54.910,1781180634.91,DWM1001C,1,LOS,punct_exterior,5,29,3,0.965,1.0,1.0,,3.91,11.95,17.87,,2.34,0.08,2.71,96.0
2026-06-11 15:23:55.019,1781180635.019,DWM1001C,1,LOS,punct_exterior,5,30,4,0.965,1.0,1.0,0.84,3.91,11.93,17.79,,,,,
2026-06-11 15:23:59.219,1781180639.22,DWM1001C,1,LOS,punct_exterior,5,1,4,0.965,1.0,1.0,0.81,3.93,11.2,18.11,,,,,
2026-06-11 15:23:59.323,1781180639.323,DWM1001C,1,LOS,punct_exterior,5,2,4,0.965,1.0,1.0,0.89,3.91,11.19,18.04,,,,,
2026-06-11 15:23:59.427,1781180639.427,DWM1001C,1,LOS,punct_exterior,5,3,4,0.965,1.0,1.0,0.89,3.95,11.23,18.14,,,,,
2026-06-11 15:23:59.530,1781180639.531,DWM1001C,1,LOS,punct_exterior,5,4,4,0.965,1.0,1.0,0.85,4.02,11.18,18.11,,,,,
2026-06-11 15:23:59.614,1781180639.614,DWM1001C,1,LOS,punct_exterior,5,5,4,0.965,1.0,1.0,0.85,4.01,11.71,18.12,,,,,
2026-06-11 15:23:59.716,1781180639.717,DWM1001C,1,LOS,punct_exterior,5,6,4,0.965,1.0,1.0,0.88,3.95,11.6,18.13,,,,,
2026-06-11 15:23:59.819,1781180639.819,DWM1001C,1,LOS,punct_exterior,5,7,4,0.965,1.0,1.0,0.81,3.98,11.65,18.33,,,,,
2026-06-11 15:23:59.922,1781180639.923,DWM1001C,1,LOS,punct_exterior,5,8,4,0.965,1.0,1.0,0.85,3.97,11.2,18.18,,,,,
2026-06-11 15:24:00.025,1781180640.026,DWM1001C,1,LOS,punct_exterior,5,9,4,0.965,1.0,1.0,0.89,3.96,11.18,18.17,,,,,
2026-06-11 15:24:00.129,1781180640.13,DWM1001C,1,LOS,punct_exterior,5,10,4,0.965,1.0,1.0,0.79,3.93,11.21,18.16,,,,,
2026-06-11 15:24:00.233,1781180640.233,DWM1001C,1,LOS,punct_exterior,5,11,4,0.965,1.0,1.0,0.9,3.92,11.2,18.17,,,,,
2026-06-11 15:24:00.316,1781180640.316,DWM1001C,1,LOS,punct_exterior,5,12,4,0.965,1.0,1.0,0.83,4.0,11.15,18.2,,,,,
2026-06-11 15:24:00.419,1781180640.42,DWM1001C,1,LOS,punct_exterior,5,13,4,0.965,1.0,1.0,0.85,3.89,11.18,18.23,,,,,
2026-06-11 15:24:00.522,1781180640.523,DWM1001C,1,LOS,punct_exterior,5,14,4,0.965,1.0,1.0,0.78,3.91,11.25,18.1,,,,,
2026-06-11 15:24:00.626,1781180640.627,DWM1001C,1,LOS,punct_exterior,5,15,4,0.965,1.0,1.0,0.89,3.88,11.27,18.2,,2.07,0.01,2.11,97.0
2026-06-11 15:24:00.730,1781180640.731,DWM1001C,1,LOS,punct_exterior,5,16,4,0.965,1.0,1.0,0.89,3.96,11.18,18.19,,,,,
2026-06-11 15:24:00.814,1781180640.814,DWM1001C,1,LOS,punct_exterior,5,17,4,0.965,1.0,1.0,0.81,3.93,11.21,18.2,,,,,
2026-06-11 15:24:00.917,1781180640.918,DWM1001C,1,LOS,punct_exterior,5,18,4,0.965,1.0,1.0,0.81,3.91,11.19,18.11,,,,,
2026-06-11 15:24:01.022,1781180641.022,DWM1001C,1,LOS,punct_exterior,5,19,4,0.965,1.0,1.0,0.86,3.94,11.21,18.2,,,,,
2026-06-11 15:24:01.125,1781180641.125,DWM1001C,1,LOS,punct_exterior,5,20,4,0.965,1.0,1.0,0.89,3.9,11.13,18.18,,,,,
2026-06-11 15:24:01.229,1781180641.229,DWM1001C,1,LOS,punct_exterior,5,21,4,0.965,1.0,1.0,0.89,3.94,11.22,18.15,,,,,
2026-06-11 15:24:01.332,1781180641.333,DWM1001C,1,LOS,punct_exterior,5,22,4,0.965,1.0,1.0,0.86,3.91,11.21,18.2,,,,,
2026-06-11 15:24:01.416,1781180641.416,DWM1001C,1,LOS,punct_exterior,5,23,4,0.965,1.0,1.0,0.84,3.93,11.2,18.25,,,,,
2026-06-11 15:24:01.520,1781180641.52,DWM1001C,1,LOS,punct_exterior,5,24,4,0.965,1.0,1.0,0.9,3.84,11.26,18.24,,1.84,-0.12,1.92,94.0
2026-06-11 15:24:01.603,1781180641.604,DWM1001C,1,LOS,punct_exterior,5,25,3,0.965,1.0,1.0,0.89,3.88,11.24,,,1.62,-0.2,1.84,99.0
2026-06-11 15:24:01.727,1781180641.728,DWM1001C,1,LOS,punct_exterior,5,26,4,0.965,1.0,1.0,0.85,3.94,11.25,18.23,,,,,
2026-06-11 15:24:01.830,1781180641.831,DWM1001C,1,LOS,punct_exterior,5,27,4,0.965,1.0,1.0,0.76,3.9,11.2,18.26,,,,,
2026-06-11 15:24:01.934,1781180641.935,DWM1001C,1,LOS,punct_exterior,5,28,4,0.965,1.0,1.0,0.9,3.86,11.23,18.29,,1.5,-0.29,1.74,96.0
2026-06-11 15:24:02.017,1781180642.018,DWM1001C,1,LOS,punct_exterior,5,29,3,0.965,1.0,1.0,,3.88,11.16,18.26,,,,,
2026-06-11 15:24:02.120,1781180642.12,DWM1001C,1,LOS,punct_exterior,5,30,4,0.965,1.0,1.0,0.88,3.92,11.22,18.2,,,,,
2026-06-11 15:24:16.528,1781180656.528,DWM1001C,1,LOS,punct_exterior,5,1,4,0.965,1.0,1.0,0.85,3.96,12.4,18.04,,,,,
2026-06-11 15:24:16.611,1781180656.611,DWM1001C,1,LOS,punct_exterior,5,2,4,0.965,1.0,1.0,0.85,3.93,12.41,17.96,,,,,
2026-06-11 15:24:16.714,1781180656.714,DWM1001C,1,LOS,punct_exterior,5,3,4,0.965,1.0,1.0,0.88,3.92,12.38,18.05,,,,,
2026-06-11 15:24:16.818,1781180656.819,DWM1001C,1,LOS,punct_exterior,5,4,4,0.965,1.0,1.0,0.88,3.89,12.42,18.15,,,,,
2026-06-11 15:24:16.922,1781180656.922,DWM1001C,1,LOS,punct_exterior,5,5,4,0.965,1.0,1.0,0.8,3.88,12.36,18.2,,,,,
2026-06-11 15:24:17.024,1781180657.025,DWM1001C,1,LOS,punct_exterior,5,6,4,0.965,1.0,1.0,0.83,3.89,12.29,18.35,,,,,
2026-06-11 15:24:17.129,1781180657.13,DWM1001C,1,LOS,punct_exterior,5,7,4,0.965,1.0,1.0,0.79,3.93,12.29,18.39,,,,,
2026-06-11 15:24:17.213,1781180657.213,DWM1001C,1,LOS,punct_exterior,5,8,4,0.965,1.0,1.0,0.82,3.93,12.33,17.79,,,,,
2026-06-11 15:24:17.317,1781180657.317,DWM1001C,1,LOS,punct_exterior,5,9,4,0.965,1.0,1.0,0.86,3.97,12.27,17.5,,,,,
2026-06-11 15:24:17.420,1781180657.42,DWM1001C,1,LOS,punct_exterior,5,10,4,0.965,1.0,1.0,0.81,3.92,12.23,17.94,,,,,
2026-06-11 15:24:17.522,1781180657.523,DWM1001C,1,LOS,punct_exterior,5,11,4,0.965,1.0,1.0,0.82,3.91,12.31,17.53,,,,,
2026-06-11 15:24:17.626,1781180657.627,DWM1001C,1,LOS,punct_exterior,5,12,4,0.965,1.0,1.0,0.9,3.93,12.22,17.41,,,,,
2026-06-11 15:24:17.729,1781180657.73,DWM1001C,1,LOS,punct_exterior,5,13,4,0.965,1.0,1.0,0.86,3.88,12.27,17.48,,,,,
2026-06-11 15:24:17.813,1781180657.814,DWM1001C,1,LOS,punct_exterior,5,14,4,0.965,1.0,1.0,0.83,3.91,12.28,17.53,,,,,
2026-06-11 15:24:17.918,1781180657.918,DWM1001C,1,LOS,punct_exterior,5,15,4,0.965,1.0,1.0,0.85,3.91,12.22,17.56,,,,,
2026-06-11 15:24:18.021,1781180658.022,DWM1001C,1,LOS,punct_exterior,5,16,4,0.965,1.0,1.0,0.86,3.93,12.25,17.38,,,,,
2026-06-11 15:24:18.124,1781180658.124,DWM1001C,1,LOS,punct_exterior,5,17,4,0.965,1.0,1.0,0.8,3.88,12.19,17.4,,,,,
2026-06-11 15:24:18.228,1781180658.228,DWM1001C,1,LOS,punct_exterior,5,18,4,0.965,1.0,1.0,0.85,3.94,12.27,17.39,,,,,
2026-06-11 15:24:18.331,1781180658.332,DWM1001C,1,LOS,punct_exterior,5,19,4,0.965,1.0,1.0,0.77,3.88,12.27,17.46,,,,,
2026-06-11 15:24:18.415,1781180658.416,DWM1001C,1,LOS,punct_exterior,5,20,4,0.965,1.0,1.0,0.84,3.92,12.32,17.33,,,,,
2026-06-11 15:24:18.519,1781180658.52,DWM1001C,1,LOS,punct_exterior,5,21,4,0.965,1.0,1.0,0.81,3.93,12.22,17.43,,,,,
2026-06-11 15:24:18.623,1781180658.624,DWM1001C,1,LOS,punct_exterior,5,22,4,0.965,1.0,1.0,0.87,3.96,11.75,17.49,,,,,
2026-06-11 15:24:18.727,1781180658.728,DWM1001C,1,LOS,punct_exterior,5,23,4,0.965,1.0,1.0,0.85,3.91,12.25,17.43,,,,,
2026-06-11 15:24:18.811,1781180658.811,DWM1001C,1,LOS,punct_exterior,5,24,4,0.965,1.0,1.0,0.86,3.9,12.25,17.49,,,,,
2026-06-11 15:24:18.915,1781180658.915,DWM1001C,1,LOS,punct_exterior,5,25,4,0.965,1.0,1.0,0.79,3.96,12.23,17.47,,,,,
2026-06-11 15:24:19.018,1781180659.018,DWM1001C,1,LOS,punct_exterior,5,26,4,0.965,1.0,1.0,0.88,3.93,12.27,17.46,,,,,
2026-06-11 15:24:19.122,1781180659.122,DWM1001C,1,LOS,punct_exterior,5,27,4,0.965,1.0,1.0,0.85,3.95,12.3,17.96,,,,,
2026-06-11 15:24:19.226,1781180659.226,DWM1001C,1,LOS,punct_exterior,5,28,4,0.965,1.0,1.0,0.78,3.91,12.32,17.9,,,,,
2026-06-11 15:24:19.330,1781180659.331,DWM1001C,1,LOS,punct_exterior,5,29,4,0.965,1.0,1.0,0.8,3.92,12.28,17.5,,,,,
2026-06-11 15:24:19.414,1781180659.414,DWM1001C,1,LOS,punct_exterior,5,30,4,0.965,1.0,1.0,0.81,3.91,12.27,17.49,,,,,
2026-06-11 15:24:29.717,1781180669.717,DWM1001C,1,LOS,punct_exterior,5,1,4,0.965,1.0,1.0,0.87,3.95,11.03,18.04,,,,,
2026-06-11 15:24:29.820,1781180669.821,DWM1001C,1,LOS,punct_exterior,5,2,4,0.965,1.0,1.0,0.82,3.91,11.08,17.99,,,,,
2026-06-11 15:24:29.924,1781180669.924,DWM1001C,1,LOS,punct_exterior,5,3,4,0.965,1.0,1.0,0.85,3.94,11.18,18.09,,,,,
2026-06-11 15:24:30.028,1781180670.028,DWM1001C,1,LOS,punct_exterior,5,4,4,0.965,1.0,1.0,0.8,3.93,12.09,18.19,,1.58,-0.06,2.06,84.0
2026-06-11 15:24:30.131,1781180670.132,DWM1001C,1,LOS,punct_exterior,5,5,4,0.965,1.0,1.0,0.83,3.89,11.14,17.96,,,,,
2026-06-11 15:24:30.215,1781180670.216,DWM1001C,1,LOS,punct_exterior,5,6,4,0.965,1.0,1.0,0.85,3.94,11.09,17.97,,,,,
2026-06-11 15:24:30.319,1781180670.32,DWM1001C,1,LOS,punct_exterior,5,7,4,0.965,1.0,1.0,0.85,3.89,11.09,17.93,,,,,
2026-06-11 15:24:30.423,1781180670.424,DWM1001C,1,LOS,punct_exterior,5,8,4,0.965,1.0,1.0,0.85,3.94,11.62,18.12,,,,,
2026-06-11 15:24:30.526,1781180670.527,DWM1001C,1,LOS,punct_exterior,5,9,4,0.965,1.0,1.0,0.88,3.97,11.03,17.87,,,,,
2026-06-11 15:24:30.608,1781180670.609,DWM1001C,1,LOS,punct_exterior,5,10,4,0.965,1.0,1.0,0.84,4.01,11.62,17.98,,1.43,0.02,1.89,89.0
2026-06-11 15:24:30.711,1781180670.711,DWM1001C,1,LOS,punct_exterior,5,11,4,0.965,1.0,1.0,0.82,3.92,11.6,17.82,,1.43,-0.05,2.01,75.0
2026-06-11 15:24:30.814,1781180670.814,DWM1001C,1,LOS,punct_exterior,5,12,4,0.965,1.0,1.0,0.84,3.9,11.92,18.0,,1.57,-0.03,2.12,59.0
2026-06-11 15:24:30.917,1781180670.918,DWM1001C,1,LOS,punct_exterior,5,13,4,0.965,1.0,1.0,0.88,3.92,11.03,18.18,,,,,
2026-06-11 15:24:31.021,1781180671.022,DWM1001C,1,LOS,punct_exterior,5,14,4,0.965,1.0,1.0,0.88,3.91,11.11,18.14,,,,,
2026-06-11 15:24:31.126,1781180671.127,DWM1001C,1,LOS,punct_exterior,5,15,4,0.965,1.0,1.0,0.88,3.93,11.55,17.89,,1.43,-0.06,2.08,96.0
2026-06-11 15:24:31.230,1781180671.231,DWM1001C,1,LOS,punct_exterior,5,16,4,0.965,1.0,1.0,0.86,3.94,12.05,18.05,,1.66,0.0,2.12,63.0
2026-06-11 15:24:31.313,1781180671.314,DWM1001C,1,LOS,punct_exterior,5,17,4,0.965,1.0,1.0,0.87,3.93,11.54,18.06,,,,,
2026-06-11 15:24:31.417,1781180671.418,DWM1001C,1,LOS,punct_exterior,5,18,3,0.965,1.0,1.0,0.84,3.97,11.49,,,,,,
2026-06-11 15:24:31.522,1781180671.522,DWM1001C,1,LOS,punct_exterior,5,19,4,0.965,1.0,1.0,0.86,3.93,11.91,18.08,,1.66,0.01,2.19,63.0
2026-06-11 15:24:31.625,1781180671.626,DWM1001C,1,LOS,punct_exterior,5,20,4,0.965,1.0,1.0,0.89,3.93,10.97,17.94,,,,,
2026-06-11 15:24:31.708,1781180671.709,DWM1001C,1,LOS,punct_exterior,5,21,4,0.965,1.0,1.0,0.86,3.93,11.95,18.18,,1.61,0.04,2.19,73.0
2026-06-11 15:24:31.812,1781180671.813,DWM1001C,1,LOS,punct_exterior,5,22,4,0.965,1.0,1.0,0.86,3.91,11.95,18.07,,1.67,0.05,2.25,65.0
2026-06-11 15:24:31.916,1781180671.917,DWM1001C,1,LOS,punct_exterior,5,23,4,0.965,1.0,1.0,0.89,3.92,11.95,18.06,,1.72,0.06,2.31,62.0
2026-06-11 15:24:32.020,1781180672.02,DWM1001C,1,LOS,punct_exterior,5,24,4,0.965,1.0,1.0,0.82,3.94,11.44,18.1,,,,,
2026-06-11 15:24:32.124,1781180672.125,DWM1001C,1,LOS,punct_exterior,5,25,4,0.965,1.0,1.0,0.88,3.97,11.01,18.0,,,,,
2026-06-11 15:24:32.228,1781180672.228,DWM1001C,1,LOS,punct_exterior,5,26,4,0.965,1.0,1.0,0.88,3.97,11.54,18.05,,,,,
2026-06-11 15:24:32.310,1781180672.311,DWM1001C,1,LOS,punct_exterior,5,27,4,0.965,1.0,1.0,0.84,3.93,11.14,18.01,,,,,
2026-06-11 15:24:32.413,1781180672.414,DWM1001C,1,LOS,punct_exterior,5,28,4,0.965,1.0,1.0,0.81,3.96,11.48,18.15,,,,,
2026-06-11 15:24:32.516,1781180672.517,DWM1001C,1,LOS,punct_exterior,5,29,4,0.965,1.0,1.0,0.85,3.95,11.59,18.19,,,,,
2026-06-11 15:24:32.620,1781180672.621,DWM1001C,1,LOS,punct_exterior,5,30,4,0.965,1.0,1.0,0.88,3.95,11.07,17.94,,,,,
