timestamp_iso,timestamp_unix,system,point_id,condition,region,channel,cycle_idx,n_valid,gt_x,gt_y,gt_z,r_AN0,r_AN1,r_AN2,r_AN3,r_AN4,snr_AN0,snr_AN1,snr_AN2,snr_AN3,snr_AN4,rssi_AN0,rssi_AN1,rssi_AN2,rssi_AN3,rssi_AN4
2026-06-10 14:51:28.566,1781092288.567,MK8000,129,LOS,punct_exterior,5,1,5,9.965,19.0,1.0,23.14,27.09,12.07,4.41,1.8,-9.0,1.0,3.0,13.0,19.0,-88,-83,-77,-60,-51
2026-06-10 14:51:36.538,1781092296.538,MK8000,129,LOS,punct_exterior,5,2,5,9.965,19.0,1.0,23.2,24.47,12.49,4.07,1.74,-9.0,0.0,4.0,9.0,17.0,-86,-86,-68,-62,-52
2026-06-10 14:51:44.529,1781092304.53,MK8000,129,LOS,punct_exterior,5,3,5,9.965,19.0,1.0,23.17,22.7,12.37,4.5,1.79,-8.0,2.0,7.0,7.0,19.0,-83,-84,-77,-62,-52
2026-06-10 14:51:52.358,1781092312.359,MK8000,129,LOS,punct_exterior,5,4,5,9.965,19.0,1.0,22.62,24.81,12.32,4.38,1.81,-8.0,-4.0,8.0,9.0,17.0,-81,-83,-80,-59,-52
2026-06-10 14:52:01.106,1781092321.107,MK8000,129,LOS,punct_exterior,5,5,5,9.965,19.0,1.0,23.03,22.31,11.9,4.42,1.78,-7.0,2.0,7.0,11.0,17.0,-80,-85,-84,-62,-52
2026-06-10 14:52:08.978,1781092328.979,MK8000,129,LOS,punct_exterior,5,6,5,9.965,19.0,1.0,23.08,27.05,12.24,6.11,1.83,-8.0,-5.0,8.0,10.0,16.0,-82,-85,-85,-64,-51
2026-06-10 14:52:16.881,1781092336.882,MK8000,129,LOS,punct_exterior,5,7,5,9.965,19.0,1.0,23.13,24.35,11.99,7.51,1.8,-9.0,-1.0,6.0,9.0,19.0,-83,-84,-83,-67,-51
2026-06-10 14:52:24.810,1781092344.81,MK8000,129,LOS,punct_exterior,5,8,5,9.965,19.0,1.0,23.96,25.37,14.1,6.65,1.74,-8.0,1.0,6.0,12.0,17.0,-85,-83,-83,-64,-52
2026-06-10 14:52:32.398,1781092352.399,MK8000,129,LOS,punct_exterior,5,9,5,9.965,19.0,1.0,24.56,25.79,12.41,7.31,1.78,-8.0,2.0,3.0,8.0,18.0,-85,-83,-79,-67,-51
2026-06-10 14:52:39.958,1781092359.959,MK8000,129,LOS,punct_exterior,5,10,5,9.965,19.0,1.0,24.23,22.57,11.9,4.43,1.77,-8.0,-3.0,5.0,10.0,19.0,-86,-81,-79,-62,-51
2026-06-10 14:52:48.582,1781092368.582,MK8000,129,LOS,punct_exterior,5,11,4,9.965,19.0,1.0,22.71,26.76,12.13,,1.74,-8.0,0.0,4.0,,18.0,-84,-85,-66,,-51
2026-06-10 14:52:56.191,1781092376.192,MK8000,129,LOS,punct_exterior,5,12,5,9.965,19.0,1.0,23.74,21.45,12.06,4.08,1.79,-8.0,-6.0,5.0,11.0,17.0,-85,-82,-82,-62,-52
2026-06-10 14:53:03.825,1781092383.826,MK8000,129,LOS,punct_exterior,5,13,5,9.965,19.0,1.0,22.81,27.39,11.9,4.46,1.67,-9.0,-3.0,2.0,8.0,20.0,-85,-89,-78,-62,-52
2026-06-10 14:53:12.477,1781092392.477,MK8000,129,LOS,punct_exterior,5,14,4,9.965,19.0,1.0,23.17,24.3,11.9,,1.79,-8.0,-1.0,5.0,,18.0,-84,-87,-83,,-51
2026-06-10 14:53:20.651,1781092400.651,MK8000,129,LOS,punct_exterior,5,15,5,9.965,19.0,1.0,23.31,25.37,13.3,3.92,1.71,-8.0,0.0,5.0,10.0,16.0,-86,-86,-66,-58,-51
2026-06-10 14:53:29.349,1781092409.35,MK8000,129,LOS,punct_exterior,5,16,4,9.965,19.0,1.0,23.9,23.21,12.03,,1.94,-7.0,-3.0,6.0,,16.0,-81,-81,-81,,-55
2026-06-10 14:53:37.081,1781092417.082,MK8000,129,LOS,punct_exterior,5,17,5,9.965,19.0,1.0,23.93,24.56,11.97,4.26,1.81,-11.0,-1.0,8.0,8.0,20.0,-85,-85,-66,-58,-50
2026-06-10 14:53:45.337,1781092425.337,MK8000,129,LOS,punct_exterior,5,18,5,9.965,19.0,1.0,24.0,23.61,13.26,4.18,1.83,-9.0,1.0,6.0,9.0,19.0,-84,-87,-85,-58,-51
2026-06-10 14:53:53.120,1781092433.12,MK8000,129,LOS,punct_exterior,5,19,5,9.965,19.0,1.0,23.3,23.79,12.21,4.28,1.9,-9.0,-1.0,6.0,8.0,16.0,-85,-86,-66,-59,-51
2026-06-10 14:54:01.423,1781092441.424,MK8000,129,LOS,punct_exterior,5,20,5,9.965,19.0,1.0,23.34,25.96,11.91,4.29,1.82,-9.0,-1.0,7.0,11.0,19.0,-86,-85,-66,-60,-51
2026-06-10 14:54:10.251,1781092450.252,MK8000,129,LOS,punct_exterior,5,21,4,9.965,19.0,1.0,23.1,23.42,13.2,,1.81,-10.0,0.0,7.0,,16.0,-85,-82,-86,,-50
2026-06-10 14:54:19.123,1781092459.123,MK8000,129,LOS,punct_exterior,5,22,4,9.965,19.0,1.0,23.63,22.86,12.6,,1.78,-11.0,-4.0,7.0,,17.0,-87,-84,-85,,-52
2026-06-10 14:54:27.050,1781092467.051,MK8000,129,LOS,punct_exterior,5,23,5,9.965,19.0,1.0,23.06,22.39,12.13,4.46,1.75,-8.0,1.0,6.0,7.0,17.0,-84,-83,-80,-62,-52
2026-06-10 14:54:35.512,1781092475.513,MK8000,129,LOS,punct_exterior,5,24,5,9.965,19.0,1.0,22.97,25.47,11.68,4.34,1.81,-7.0,1.0,8.0,8.0,19.0,-81,-84,-80,-59,-52
2026-06-10 14:54:43.539,1781092483.54,MK8000,129,LOS,punct_exterior,5,25,5,9.965,19.0,1.0,22.89,23.86,12.24,4.34,1.82,-10.0,-4.0,7.0,8.0,13.0,-84,-82,-83,-62,-48
2026-06-10 14:54:52.085,1781092492.086,MK8000,129,LOS,punct_exterior,5,26,5,9.965,19.0,1.0,23.48,24.48,11.87,4.1,1.81,-8.0,1.0,6.0,11.0,18.0,-85,-85,-83,-62,-50
2026-06-10 14:55:00.164,1781092500.164,MK8000,129,LOS,punct_exterior,5,27,5,9.965,19.0,1.0,23.93,21.85,12.07,4.02,1.84,-7.0,0.0,7.0,10.0,16.0,-81,-85,-85,-62,-52
2026-06-10 14:55:08.795,1781092508.795,MK8000,129,LOS,punct_exterior,5,28,5,9.965,19.0,1.0,23.81,21.79,12.09,4.04,1.8,-9.0,-3.0,,10.0,15.0,-80,-81,,-62,-46
2026-06-10 14:55:17.284,1781092517.285,MK8000,129,LOS,punct_exterior,5,29,4,9.965,19.0,1.0,23.6,24.9,11.92,,1.81,,,,,19.0,,,,,-51
2026-06-10 14:55:24.864,1781092524.865,MK8000,129,LOS,punct_exterior,5,30,5,9.965,19.0,1.0,23.5,21.6,12.04,4.35,1.83,-8.0,0.0,4.0,11.0,17.0,-84,-82,-81,-60,-51
2026-06-10 15:00:02.856,1781092802.856,MK8000,112,LOS,punct_exterior,5,1,5,1.965,18.0,1.0,16.79,17.78,5.68,4.76,9.64,-6.0,6.0,15.0,18.0,11.0,-81,-81,-60,-59,-64
2026-06-10 15:00:10.491,1781092810.492,MK8000,112,LOS,punct_exterior,5,2,5,1.965,18.0,1.0,17.34,17.48,5.48,4.59,9.76,-6.0,2.0,12.0,17.0,11.0,-80,-82,-66,-58,-62
2026-06-10 15:00:18.351,1781092818.352,MK8000,112,LOS,punct_exterior,5,3,5,1.965,18.0,1.0,17.01,17.89,5.62,4.63,9.75,-5.0,7.0,11.0,20.0,12.0,-82,-84,-62,-58,-66
2026-06-10 15:00:26.036,1781092826.037,MK8000,112,LOS,punct_exterior,5,4,5,1.965,18.0,1.0,17.49,17.78,5.69,4.63,9.84,-7.0,5.0,10.0,15.0,9.0,-80,-80,-62,-54,-62
2026-06-10 15:00:33.745,1781092833.745,MK8000,112,LOS,punct_exterior,5,5,5,1.965,18.0,1.0,17.34,17.08,5.59,5.05,9.86,-7.0,3.0,12.0,13.0,9.0,-80,-79,-62,-54,-64
2026-06-10 15:00:41.478,1781092841.479,MK8000,112,LOS,punct_exterior,5,6,5,1.965,18.0,1.0,17.18,17.23,5.73,4.69,9.87,-8.0,6.0,12.0,18.0,11.0,-83,-84,-59,-55,-62
2026-06-10 15:00:49.239,1781092849.239,MK8000,112,LOS,punct_exterior,5,7,5,1.965,18.0,1.0,17.18,17.32,5.69,5.37,10.93,-7.0,3.0,9.0,22.0,7.0,-82,-79,-64,-57,-66
2026-06-10 15:00:57.022,1781092857.023,MK8000,112,LOS,punct_exterior,5,8,5,1.965,18.0,1.0,17.51,17.3,5.89,4.63,11.17,-6.0,1.0,9.0,20.0,9.0,-82,-82,-62,-54,-66
2026-06-10 15:01:04.830,1781092864.831,MK8000,112,LOS,punct_exterior,5,9,5,1.965,18.0,1.0,17.84,17.25,5.72,4.63,9.61,-6.0,2.0,10.0,19.0,10.0,-83,-83,-62,-54,-65
2026-06-10 15:01:12.663,1781092872.664,MK8000,112,LOS,punct_exterior,5,10,5,1.965,18.0,1.0,17.81,17.04,5.62,4.63,9.72,-7.0,2.0,13.0,18.0,11.0,-86,-81,-60,-54,-62
2026-06-10 15:01:20.522,1781092880.523,MK8000,112,LOS,punct_exterior,5,11,5,1.965,18.0,1.0,17.75,17.1,5.68,4.59,9.74,-7.0,3.0,11.0,18.0,7.0,-83,-81,-62,-55,-61
2026-06-10 15:01:28.405,1781092888.405,MK8000,112,LOS,punct_exterior,5,12,5,1.965,18.0,1.0,18.27,17.65,5.42,4.62,9.62,-7.0,-1.0,8.0,19.0,13.0,-82,-84,-64,-53,-65
2026-06-10 15:01:36.313,1781092896.314,MK8000,112,LOS,punct_exterior,5,13,5,1.965,18.0,1.0,17.64,17.04,5.71,4.6,9.7,-8.0,3.0,11.0,19.0,12.0,-82,-82,-66,-53,-67
2026-06-10 15:01:44.239,1781092904.24,MK8000,112,LOS,punct_exterior,5,14,5,1.965,18.0,1.0,17.95,17.05,5.63,5.46,9.67,-6.0,3.0,11.0,14.0,9.0,-81,-84,-62,-56,-62
2026-06-10 15:01:51.836,1781092911.837,MK8000,112,LOS,punct_exterior,5,15,5,1.965,18.0,1.0,17.1,16.85,5.71,6.43,9.67,-6.0,0.0,10.0,16.0,9.0,-83,-81,-67,-58,-62
2026-06-10 15:01:59.402,1781092919.402,MK8000,112,LOS,punct_exterior,5,16,5,1.965,18.0,1.0,17.36,17.02,5.66,5.6,9.67,-8.0,5.0,12.0,13.0,14.0,-83,-80,-64,-54,-66
2026-06-10 15:02:06.983,1781092926.984,MK8000,112,LOS,punct_exterior,5,17,5,1.965,18.0,1.0,17.32,16.95,5.71,5.94,9.78,-7.0,5.0,10.0,17.0,11.0,-83,-80,-62,-56,-66
2026-06-10 15:02:14.585,1781092934.586,MK8000,112,LOS,punct_exterior,5,18,5,1.965,18.0,1.0,17.12,16.94,5.66,5.26,9.66,-6.0,4.0,11.0,17.0,13.0,-83,-82,-61,-58,-66
2026-06-10 15:02:22.225,1781092942.225,MK8000,112,LOS,punct_exterior,5,19,5,1.965,18.0,1.0,17.62,17.4,5.76,4.9,9.78,-5.0,2.0,11.0,17.0,13.0,-82,-81,-62,-58,-66
2026-06-10 15:02:29.889,1781092949.89,MK8000,112,LOS,punct_exterior,5,20,5,1.965,18.0,1.0,17.08,17.83,5.74,5.88,9.63,-5.0,3.0,11.0,18.0,10.0,-83,-81,-62,-59,-62
2026-06-10 15:02:37.578,1781092957.579,MK8000,112,LOS,punct_exterior,5,21,5,1.965,18.0,1.0,17.27,16.72,5.64,6.91,9.8,-6.0,4.0,12.0,15.0,12.0,-81,-80,-62,-58,-62
2026-06-10 15:02:45.292,1781092965.293,MK8000,112,LOS,punct_exterior,5,22,5,1.965,18.0,1.0,17.29,17.64,5.7,5.58,9.66,-7.0,7.0,13.0,15.0,10.0,-81,-83,-61,-58,-62
2026-06-10 15:02:53.030,1781092973.031,MK8000,112,LOS,punct_exterior,5,23,5,1.965,18.0,1.0,16.95,17.22,5.73,5.62,9.7,-7.0,6.0,10.0,18.0,13.0,-82,-85,-62,-57,-66
2026-06-10 15:03:00.794,1781092980.794,MK8000,112,LOS,punct_exterior,5,24,5,1.965,18.0,1.0,17.27,17.11,5.62,5.45,9.76,-7.0,4.0,10.0,13.0,10.0,-81,-84,-62,-56,-66
2026-06-10 15:03:08.581,1781092988.581,MK8000,112,LOS,punct_exterior,5,25,5,1.965,18.0,1.0,17.35,17.06,5.67,5.31,9.73,-7.0,3.0,9.0,14.0,12.0,-82,-80,-66,-56,-65
2026-06-10 15:03:16.395,1781092996.396,MK8000,112,LOS,punct_exterior,5,26,5,1.965,18.0,1.0,17.34,17.77,5.6,6.1,9.92,-6.0,6.0,11.0,12.0,8.0,-83,-84,-62,-60,-64
2026-06-10 15:03:24.247,1781093004.248,MK8000,112,LOS,punct_exterior,5,27,5,1.965,18.0,1.0,17.49,17.66,5.64,6.09,9.72,-7.0,5.0,11.0,14.0,10.0,-83,-83,-62,-54,-64
2026-06-10 15:03:32.163,1781093012.163,MK8000,112,LOS,punct_exterior,5,28,5,1.965,18.0,1.0,17.17,17.04,5.68,5.82,11.19,-6.0,4.0,10.0,17.0,8.0,-82,-81,-66,-58,-62
2026-06-10 15:03:40.114,1781093020.114,MK8000,112,LOS,punct_exterior,5,29,5,1.965,18.0,1.0,17.87,17.87,5.59,5.94,9.79,-6.0,6.0,12.0,18.0,13.0,-79,-82,-61,-59,-65
2026-06-10 15:03:48.083,1781093028.083,MK8000,112,LOS,punct_exterior,5,30,5,1.965,18.0,1.0,17.24,17.25,5.77,5.0,9.73,-3.0,5.0,13.0,15.0,10.0,-83,-80,-62,-56,-59
2026-06-10 15:49:39.471,1781095779.471,MK8000,26,LOS,punct_exterior,5,1,4,0.965,6.0,1.0,6.02,6.74,6.18,,18.12,6.0,12.0,15.0,,4.0,-64,-63,-63,,-82
2026-06-10 15:49:47.534,1781095787.535,MK8000,26,LOS,punct_exterior,5,2,5,0.965,6.0,1.0,6.06,6.9,6.33,13.17,18.25,6.0,11.0,14.0,8.0,5.0,-63,-58,-63,-62,-82
2026-06-10 15:49:55.643,1781095795.643,MK8000,26,LOS,punct_exterior,5,3,5,0.965,6.0,1.0,5.97,7.19,6.38,12.48,17.83,5.0,13.0,17.0,8.0,5.0,-60,-62,-63,-69,-83
2026-06-10 15:50:03.080,1781095803.08,MK8000,26,LOS,punct_exterior,5,4,5,0.965,6.0,1.0,5.96,6.88,6.68,13.81,18.28,5.0,,,,5.0,-65,,,,-81
2026-06-10 15:50:10.640,1781095810.64,MK8000,26,LOS,punct_exterior,5,5,5,0.965,6.0,1.0,5.88,6.74,6.29,12.78,18.12,,,,7.0,6.0,,,,-66,-83
2026-06-10 15:50:17.925,1781095817.926,MK8000,26,LOS,punct_exterior,5,6,5,0.965,6.0,1.0,5.92,6.72,6.16,12.94,16.97,6.0,13.0,11.0,9.0,5.0,-60,-60,-64,-83,-83
2026-06-10 15:50:25.534,1781095825.534,MK8000,26,LOS,punct_exterior,5,7,5,0.965,6.0,1.0,6.01,6.85,5.99,12.7,16.76,5.0,13.0,10.0,9.0,7.0,-64,-58,-64,-80,-84
2026-06-10 15:50:32.921,1781095832.921,MK8000,26,LOS,punct_exterior,5,8,5,0.965,6.0,1.0,5.91,6.74,6.16,12.91,16.83,5.0,13.0,14.0,5.0,4.0,-60,-63,-64,-66,-80
2026-06-10 15:50:42.353,1781095842.353,MK8000,26,LOS,punct_exterior,5,9,4,0.965,6.0,1.0,6.01,6.61,6.04,,18.17,4.0,14.0,15.0,,6.0,-62,-61,-64,,-83
2026-06-10 15:50:51.140,1781095851.14,MK8000,26,LOS,punct_exterior,5,10,4,0.965,6.0,1.0,5.93,6.62,6.08,,18.24,5.0,12.0,11.0,,4.0,-60,-58,-67,,-82
2026-06-10 15:50:59.750,1781095859.751,MK8000,26,LOS,punct_exterior,5,11,4,0.965,6.0,1.0,5.97,6.71,6.08,,18.22,6.0,12.0,10.0,,4.0,-63,-56,-66,,-81
2026-06-10 15:51:07.179,1781095867.18,MK8000,26,LOS,punct_exterior,5,12,5,0.965,6.0,1.0,5.91,6.64,7.5,13.85,18.21,6.0,14.0,10.0,4.0,6.0,-63,-61,-67,-82,-82
2026-06-10 15:51:14.891,1781095874.892,MK8000,26,LOS,punct_exterior,5,13,5,0.965,6.0,1.0,6.05,6.67,7.94,13.42,18.19,7.0,12.0,14.0,1.0,4.0,-63,-56,-64,-82,-76
2026-06-10 15:51:22.667,1781095882.668,MK8000,26,LOS,punct_exterior,5,14,5,0.965,6.0,1.0,5.83,6.66,6.23,13.59,16.62,6.0,15.0,14.0,6.0,2.0,-60,-61,-62,-83,-80
2026-06-10 15:51:31.358,1781095891.358,MK8000,26,LOS,punct_exterior,5,15,4,0.965,6.0,1.0,6.04,6.66,7.5,,17.9,5.0,13.0,11.0,,6.0,-63,-61,-65,,-82
2026-06-10 15:51:40.067,1781095900.068,MK8000,26,LOS,punct_exterior,5,16,4,0.965,6.0,1.0,5.98,6.66,6.73,,18.2,6.0,12.0,14.0,,8.0,-64,-56,-64,,-82
2026-06-10 15:51:48.808,1781095908.809,MK8000,26,LOS,punct_exterior,5,17,4,0.965,6.0,1.0,5.98,6.64,7.82,,16.71,7.0,12.0,13.0,,9.0,-64,-56,-67,,-83
2026-06-10 15:51:57.587,1781095917.588,MK8000,26,LOS,punct_exterior,5,18,4,0.965,6.0,1.0,6.07,6.67,7.12,,18.22,6.0,16.0,12.0,,4.0,-63,-61,-65,,-79
2026-06-10 15:52:05.196,1781095925.196,MK8000,26,LOS,punct_exterior,5,19,5,0.965,6.0,1.0,6.02,6.67,6.88,13.5,18.23,6.0,12.0,11.0,6.0,6.0,-64,-56,-64,-80,-79
2026-06-10 15:52:12.634,1781095932.634,MK8000,26,LOS,punct_exterior,5,20,5,0.965,6.0,1.0,5.9,6.65,6.94,12.63,16.73,6.0,15.0,12.0,4.0,6.0,-60,-61,-64,-68,-82
2026-06-10 15:52:20.075,1781095940.076,MK8000,26,LOS,punct_exterior,5,21,5,0.965,6.0,1.0,5.96,6.66,6.08,14.47,18.22,7.0,12.0,14.0,6.0,6.0,-63,-58,-62,-82,-82
2026-06-10 15:52:28.670,1781095948.67,MK8000,26,LOS,punct_exterior,5,22,4,0.965,6.0,1.0,6.09,6.78,6.28,,18.19,7.0,13.0,15.0,,5.0,-63,-60,-65,,-81
2026-06-10 15:52:36.704,1781095956.704,MK8000,26,LOS,punct_exterior,5,23,5,0.965,6.0,1.0,6.01,6.66,6.64,14.82,18.2,7.0,13.0,14.0,4.0,9.0,-64,-61,-60,-84,-82
2026-06-10 15:52:44.657,1781095964.657,MK8000,26,LOS,punct_exterior,5,24,5,0.965,6.0,1.0,6.06,6.68,6.13,12.84,18.26,9.0,12.0,14.0,4.0,5.0,-64,-58,-63,-81,-82
2026-06-10 15:52:52.096,1781095972.097,MK8000,26,LOS,punct_exterior,5,25,5,0.965,6.0,1.0,5.96,6.63,6.44,12.86,17.8,6.0,12.0,13.0,5.0,6.0,-64,-61,-64,-84,-82
2026-06-10 15:53:00.783,1781095980.784,MK8000,26,LOS,punct_exterior,5,26,4,0.965,6.0,1.0,5.78,6.66,7.0,,18.21,5.0,11.0,9.0,,8.0,-63,-56,-65,,-81
2026-06-10 15:53:09.473,1781095989.474,MK8000,26,LOS,punct_exterior,5,27,4,0.965,6.0,1.0,6.07,6.66,6.46,,18.23,7.0,12.0,14.0,,5.0,-63,-61,-60,,-79
2026-06-10 15:53:17.189,1781095997.19,MK8000,26,LOS,punct_exterior,5,28,5,0.965,6.0,1.0,5.99,6.68,6.4,13.63,18.18,7.0,13.0,14.0,7.0,7.0,-63,-56,-63,-66,-81
2026-06-10 15:53:24.779,1781096004.779,MK8000,26,LOS,punct_exterior,5,29,5,0.965,6.0,1.0,5.96,6.79,7.1,13.17,16.84,6.0,13.0,15.0,8.0,3.0,-63,-60,-62,-81,-68
2026-06-10 15:53:33.547,1781096013.547,MK8000,26,LOS,punct_exterior,5,30,4,0.965,6.0,1.0,5.92,6.66,6.13,,17.78,5.0,14.0,12.0,,8.0,-64,-62,-64,,-83
2026-06-10 16:07:02.905,1781096822.906,MK8000,1,LOS,punct_exterior,5,1,4,0.965,1.0,1.0,1.01,3.68,13.32,,20.49,5.0,13.0,2.0,,0.0,-48,-59,-81,,-86
2026-06-10 16:07:10.518,1781096830.518,MK8000,1,LOS,punct_exterior,5,2,5,0.965,1.0,1.0,0.91,3.68,13.79,17.59,20.36,7.0,13.0,6.0,2.0,0.0,-51,-59,-87,-83,-87
2026-06-10 16:07:18.213,1781096838.214,MK8000,1,LOS,punct_exterior,5,3,5,0.965,1.0,1.0,0.89,3.64,12.79,18.16,20.38,5.0,15.0,3.0,4.0,1.0,-52,-60,-81,-85,-85
2026-06-10 16:07:26.100,1781096846.101,MK8000,1,LOS,punct_exterior,5,4,5,0.965,1.0,1.0,0.9,3.66,12.89,17.85,20.38,6.0,14.0,3.0,5.0,0.0,-51,-58,-82,-76,-86
2026-06-10 16:07:35.012,1781096855.012,MK8000,1,LOS,punct_exterior,5,5,4,0.965,1.0,1.0,0.89,3.62,13.1,,20.64,5.0,14.0,2.0,,1.0,-52,-60,-81,,-84
2026-06-10 16:07:43.002,1781096863.002,MK8000,1,LOS,punct_exterior,5,6,5,0.965,1.0,1.0,0.9,3.67,13.05,18.02,20.36,9.0,14.0,5.0,2.0,1.0,-56,-60,-82,-81,-84
2026-06-10 16:07:52.002,1781096872.002,MK8000,1,LOS,punct_exterior,5,7,4,0.965,1.0,1.0,0.91,3.52,13.46,,20.31,5.0,12.0,5.0,,-1.0,-48,-54,-82,,-85
2026-06-10 16:08:00.093,1781096880.094,MK8000,1,LOS,punct_exterior,5,8,5,0.965,1.0,1.0,0.89,3.67,13.17,17.95,20.37,6.0,13.0,3.0,7.0,-2.0,-53,-59,-84,-83,-85
2026-06-10 16:08:09.149,1781096889.15,MK8000,1,LOS,punct_exterior,5,9,4,0.965,1.0,1.0,0.91,3.62,12.56,,20.25,8.0,13.0,5.0,,0.0,-51,-60,-84,,-86
2026-06-10 16:08:16.591,1781096896.592,MK8000,1,LOS,punct_exterior,5,10,5,0.965,1.0,1.0,0.91,3.68,12.19,18.02,20.29,8.0,,,,0.0,-52,,,,-87
2026-06-10 16:08:23.968,1781096903.968,MK8000,1,LOS,punct_exterior,5,11,5,0.965,1.0,1.0,0.88,3.66,13.24,17.54,20.36,,,,8.0,-3.0,,,,-84,-81
2026-06-10 16:08:31.311,1781096911.312,MK8000,1,LOS,punct_exterior,5,12,5,0.965,1.0,1.0,0.88,3.88,13.37,17.75,20.53,7.0,11.0,1.0,5.0,0.0,-53,-56,-82,-78,-85
2026-06-10 16:08:38.777,1781096918.778,MK8000,1,LOS,punct_exterior,5,13,5,0.965,1.0,1.0,0.89,3.85,12.42,17.75,20.47,7.0,13.0,6.0,7.0,-4.0,-52,-56,-82,-85,-81
2026-06-10 16:08:46.414,1781096926.415,MK8000,1,LOS,punct_exterior,5,14,5,0.965,1.0,1.0,0.89,3.66,13.03,17.64,20.46,7.0,14.0,7.0,1.0,-3.0,-52,-60,-82,-80,-82
2026-06-10 16:08:54.085,1781096934.086,MK8000,1,LOS,punct_exterior,5,15,5,0.965,1.0,1.0,0.9,3.68,11.64,18.07,20.64,8.0,14.0,3.0,4.0,-3.0,-52,-60,-82,-80,-82
2026-06-10 16:09:01.527,1781096941.527,MK8000,1,LOS,punct_exterior,5,16,5,0.965,1.0,1.0,0.9,3.67,11.65,17.56,20.47,8.0,12.0,3.0,2.0,0.0,-52,-56,-82,-83,-86
2026-06-10 16:09:10.287,1781096950.287,MK8000,1,LOS,punct_exterior,5,17,4,0.965,1.0,1.0,0.9,3.68,13.0,,20.64,7.0,13.0,2.0,,-1.0,-53,-60,-80,,-88
2026-06-10 16:09:17.830,1781096957.831,MK8000,1,LOS,punct_exterior,5,18,5,0.965,1.0,1.0,0.9,3.71,12.87,17.28,20.56,7.0,15.0,3.0,4.0,-3.0,-53,-56,-84,-81,-88
2026-06-10 16:09:25.444,1781096965.445,MK8000,1,LOS,punct_exterior,5,19,5,0.965,1.0,1.0,0.9,3.65,12.02,17.73,20.43,11.0,13.0,4.0,3.0,-1.0,-56,-60,-82,-80,-86
2026-06-10 16:09:33.038,1781096973.039,MK8000,1,LOS,punct_exterior,5,20,5,0.965,1.0,1.0,0.9,3.69,12.75,18.07,20.29,7.0,14.0,4.0,2.0,1.0,-52,-56,-81,-81,-86
2026-06-10 16:09:41.058,1781096981.058,MK8000,1,LOS,punct_exterior,5,21,5,0.965,1.0,1.0,0.91,3.54,11.81,18.52,20.58,4.0,15.0,1.0,4.0,-3.0,-48,-60,-79,-81,-87
2026-06-10 16:09:48.647,1781096988.647,MK8000,1,LOS,punct_exterior,5,22,5,0.965,1.0,1.0,0.88,3.68,11.83,17.71,20.78,7.0,15.0,4.0,-3.0,-3.0,-53,-56,-83,-81,-86
2026-06-10 16:09:56.509,1781096996.509,MK8000,1,LOS,punct_exterior,5,23,5,0.965,1.0,1.0,0.91,3.65,11.93,19.02,20.24,8.0,15.0,3.0,2.0,1.0,-52,-59,-82,-83,-82
2026-06-10 16:10:04.157,1781097004.158,MK8000,1,LOS,punct_exterior,5,24,5,0.965,1.0,1.0,0.88,3.67,12.94,18.41,20.27,8.0,14.0,5.0,2.0,-3.0,-55,-60,-84,-82,-81
2026-06-10 16:10:11.824,1781097011.825,MK8000,1,LOS,punct_exterior,5,25,5,0.965,1.0,1.0,0.91,3.71,11.48,17.66,20.59,8.0,14.0,8.0,5.0,0.0,-52,-60,-83,-80,-87
2026-06-10 16:10:19.565,1781097019.565,MK8000,1,LOS,punct_exterior,5,26,5,0.965,1.0,1.0,0.92,3.67,12.54,19.02,20.37,7.0,12.0,6.0,10.0,-3.0,-51,-60,-83,-85,-84
2026-06-10 16:10:27.161,1781097027.161,MK8000,1,LOS,punct_exterior,5,27,5,0.965,1.0,1.0,0.91,3.67,13.21,17.39,21.31,6.0,12.0,3.0,9.0,-5.0,-52,-54,-82,-83,-86
2026-06-10 16:10:35.774,1781097035.775,MK8000,1,LOS,punct_exterior,5,28,4,0.965,1.0,1.0,0.9,3.67,11.93,,21.51,7.0,10.0,3.0,,-5.0,-53,-54,-80,,-86
2026-06-10 16:10:44.406,1781097044.407,MK8000,1,LOS,punct_exterior,5,29,4,0.965,1.0,1.0,0.89,3.66,11.55,,20.75,8.0,13.0,4.0,,-3.0,-55,-60,-82,,-81
2026-06-10 16:10:52.016,1781097052.017,MK8000,1,LOS,punct_exterior,5,30,5,0.965,1.0,1.0,0.89,3.68,11.72,17.63,20.78,10.0,13.0,6.0,4.0,-4.0,-56,-60,-81,-80,-83
