system,estimator,point_id,region,gt_x,gt_y,est_x,est_y,error_cm,anchors
DWM1001C,OLS,1,punct_exterior,0.965,1.0,1.4791,0.1271,101.3058,0123
DWM1001C,WLS,1,punct_exterior,0.965,1.0,1.0518,0.1658,83.8745,0123
DWM1001C,RANSAC,1,punct_exterior,0.965,1.0,1.4748,0.0345,109.1863,0123
DWM1001C,OLS,2,punct_interior,1.965,1.0,1.2983,0.7637,70.7342,0123
DWM1001C,WLS,2,punct_interior,1.965,1.0,1.4119,0.748,60.7799,0123
DWM1001C,RANSAC,2,punct_interior,1.965,1.0,1.2983,0.7637,70.7342,0123
DWM1001C,OLS,3,punct_interior,2.965,1.0,0.4691,0.454,255.4922,0123
DWM1001C,WLS,3,punct_interior,2.965,1.0,2.8994,1.0256,7.0473,0123
DWM1001C,RANSAC,3,punct_interior,2.965,1.0,3.2576,1.2761,40.2277,012
DWM1001C,OLS,4,punct_interior,3.965,1.0,1.7539,0.4976,226.747,0123
DWM1001C,WLS,4,punct_interior,3.965,1.0,3.4686,0.5295,68.3982,0123
DWM1001C,RANSAC,4,punct_interior,3.965,1.0,4.284,1.2435,40.1298,012
DWM1001C,OLS,5,punct_interior,4.965,1.0,2.7804,0.0234,239.2983,0123
DWM1001C,WLS,5,punct_interior,4.965,1.0,5.1647,1.2015,28.3668,0123
DWM1001C,RANSAC,5,punct_interior,4.965,1.0,5.2375,1.2383,36.1984,012
DWM1001C,OLS,7,punct_interior,1.965,2.0,0.6563,1.4281,142.8157,0123
DWM1001C,WLS,7,punct_interior,1.965,2.0,2.1489,0.9332,108.2562,0123
DWM1001C,RANSAC,7,punct_interior,1.965,2.0,2.1538,1.8696,22.9413,012
DWM1001C,OLS,8,punct_interior,2.965,2.0,2.5572,1.7489,47.8895,0123
DWM1001C,WLS,8,punct_interior,2.965,2.0,2.9673,1.709,29.0961,0123
DWM1001C,RANSAC,8,punct_interior,2.965,2.0,2.5643,1.9028,41.2334,0123
DWM1001C,OLS,9,punct_interior,3.965,2.0,2.8284,1.4005,128.5055,0123
DWM1001C,WLS,9,punct_interior,3.965,2.0,4.1047,1.9476,14.9194,0123
DWM1001C,RANSAC,9,punct_interior,3.965,2.0,2.8415,1.6867,116.6337,0123
DWM1001C,OLS,10,punct_interior,4.965,2.0,2.975,0.8871,228.0067,0123
DWM1001C,WLS,10,punct_interior,4.965,2.0,5.2653,0.5593,147.1712,0123
DWM1001C,RANSAC,10,punct_interior,4.965,2.0,5.3283,2.0506,36.6777,012
DWM1001C,OLS,12,punct_interior,1.965,3.0,1.8209,2.5131,50.7828,0123
DWM1001C,WLS,12,punct_interior,1.965,3.0,2.3803,2.5465,61.4886,0123
DWM1001C,RANSAC,12,punct_interior,1.965,3.0,1.8209,2.5131,50.7828,0123
DWM1001C,OLS,13,punct_interior,2.965,3.0,1.9784,2.851,99.776,0123
DWM1001C,WLS,13,punct_interior,2.965,3.0,3.1146,3.1976,24.7848,0123
DWM1001C,RANSAC,13,punct_interior,2.965,3.0,1.9784,2.851,99.776,0123
DWM1001C,OLS,14,punct_interior,3.965,3.0,1.4402,1.8641,276.854,0123
DWM1001C,WLS,14,punct_interior,3.965,3.0,3.5232,2.9431,44.5427,0123
DWM1001C,RANSAC,14,punct_interior,3.965,3.0,4.2574,3.2569,38.9209,012
DWM1001C,OLS,15,punct_interior,4.965,3.0,3.3622,2.2637,176.3843,0123
DWM1001C,WLS,15,punct_interior,4.965,3.0,3.5186,2.3311,159.3603,0123
DWM1001C,RANSAC,15,punct_interior,4.965,3.0,5.1914,3.168,28.191,012
DWM1001C,OLS,18,punct_interior,2.965,4.0,1.4646,3.6307,154.5181,0123
DWM1001C,WLS,18,punct_interior,2.965,4.0,2.6721,3.9231,30.2854,0123
DWM1001C,RANSAC,18,punct_interior,2.965,4.0,3.1713,4.1339,24.5954,012
DWM1001C,OLS,19,punct_interior,3.965,4.0,2.9784,3.6828,103.6368,0123
DWM1001C,WLS,19,punct_interior,3.965,4.0,4.5965,4.1438,64.7632,0123
DWM1001C,RANSAC,19,punct_interior,3.965,4.0,4.7479,4.2044,80.9142,012
DWM1001C,OLS,20,punct_interior,4.965,4.0,4.074,3.2258,118.037,0123
DWM1001C,WLS,20,punct_interior,4.965,4.0,3.973,3.2813,122.5017,0123
DWM1001C,RANSAC,20,punct_interior,4.965,4.0,5.8057,4.0819,84.4683,012
DWM1001C,OLS,22,punct_interior,1.965,5.0,1.5642,5.0143,40.1063,0123
DWM1001C,WLS,22,punct_interior,1.965,5.0,1.845,5.0968,15.4194,0123
DWM1001C,RANSAC,22,punct_interior,1.965,5.0,1.5642,5.0143,40.1063,0123
DWM1001C,OLS,23,punct_interior,2.965,5.0,1.1874,4.6271,181.6297,0123
DWM1001C,WLS,23,punct_interior,2.965,5.0,1.4856,4.8302,148.9117,0123
DWM1001C,RANSAC,23,punct_interior,2.965,5.0,2.8004,5.1027,19.4004,012
DWM1001C,OLS,24,punct_interior,3.965,5.0,2.4263,4.6661,157.4472,0123
DWM1001C,WLS,24,punct_interior,3.965,5.0,2.626,4.4438,144.9897,0123
DWM1001C,RANSAC,24,punct_interior,3.965,5.0,4.0493,5.1446,16.739,012
DWM1001C,OLS,25,punct_interior,4.965,5.0,4.1598,4.1539,116.8002,0123
DWM1001C,WLS,25,punct_interior,4.965,5.0,4.1275,4.0484,126.7653,0123
DWM1001C,RANSAC,25,punct_interior,4.965,5.0,6.2511,5.1879,129.9786,012
DWM1001C,OLS,26,punct_exterior,0.965,6.0,0.4578,5.7282,57.5485,0123
DWM1001C,WLS,26,punct_exterior,0.965,6.0,0.5218,5.7456,51.0984,0123
DWM1001C,RANSAC,26,punct_exterior,0.965,6.0,0.4578,5.7282,57.5485,0123
DWM1001C,OLS,27,punct_interior,1.965,6.0,1.4776,5.9515,48.9798,0123
DWM1001C,WLS,27,punct_interior,1.965,6.0,0.8145,6.0531,115.1756,0123
DWM1001C,RANSAC,27,punct_interior,1.965,6.0,1.4776,5.9515,48.9798,0123
DWM1001C,OLS,28,punct_interior,2.965,6.0,2.893,5.9245,10.4324,0123
DWM1001C,WLS,28,punct_interior,2.965,6.0,2.0921,6.0453,87.405,0123
DWM1001C,RANSAC,28,punct_interior,2.965,6.0,2.893,5.9245,10.4324,0123
DWM1001C,OLS,29,punct_interior,3.965,6.0,3.4023,5.908,57.02,0123
DWM1001C,WLS,29,punct_interior,3.965,6.0,2.9841,5.8889,98.7146,0123
DWM1001C,RANSAC,29,punct_interior,3.965,6.0,3.4074,6.0191,55.7943,0123
DWM1001C,OLS,30,punct_interior,4.965,6.0,3.5364,5.2291,162.3294,0123
DWM1001C,WLS,30,punct_interior,4.965,6.0,5.363,6.1216,41.6146,0123
DWM1001C,RANSAC,30,punct_interior,4.965,6.0,5.7691,6.3329,87.032,012
DWM1001C,OLS,32,punct_interior,1.965,7.0,1.2775,6.9523,68.9137,0123
DWM1001C,WLS,32,punct_interior,1.965,7.0,1.2836,6.9486,68.3287,0123
DWM1001C,RANSAC,32,punct_interior,1.965,7.0,1.2462,6.9512,72.0415,0123
DWM1001C,OLS,33,punct_interior,2.965,7.0,2.1004,6.991,86.4622,0123
DWM1001C,WLS,33,punct_interior,2.965,7.0,2.1254,6.9806,83.9797,0123
DWM1001C,RANSAC,33,punct_interior,2.965,7.0,2.0527,6.9893,91.2339,0123
DWM1001C,OLS,34,punct_interior,3.965,7.0,3.0836,6.9662,88.2039,0123
DWM1001C,WLS,34,punct_interior,3.965,7.0,3.2083,7.0169,75.6868,0123
DWM1001C,RANSAC,34,punct_interior,3.965,7.0,3.8563,6.994,10.8904,0123
DWM1001C,OLS,35,punct_interior,4.965,7.0,1.7003,6.4879,330.4573,0123
DWM1001C,WLS,35,punct_interior,4.965,7.0,5.8663,7.2596,93.79,0123
DWM1001C,RANSAC,35,punct_interior,4.965,7.0,6.0681,7.2878,114.0026,012
DWM1001C,OLS,37,punct_interior,1.965,8.0,1.0837,7.9656,88.2018,0123
DWM1001C,WLS,37,punct_interior,1.965,8.0,1.1872,7.9366,78.0373,0123
DWM1001C,RANSAC,37,punct_interior,1.965,8.0,1.0837,7.9656,88.2018,0123
DWM1001C,OLS,38,punct_interior,2.965,8.0,2.089,7.9603,87.6867,0123
DWM1001C,WLS,38,punct_interior,2.965,8.0,2.0834,7.9637,88.2308,0123
DWM1001C,RANSAC,38,punct_interior,2.965,8.0,2.1026,7.9608,86.33,0123
DWM1001C,OLS,39,punct_interior,3.965,8.0,2.7259,7.6223,129.539,0123
DWM1001C,WLS,39,punct_interior,3.965,8.0,4.1482,8.0599,19.2766,0123
DWM1001C,RANSAC,39,punct_interior,3.965,8.0,4.2438,8.0698,28.7371,012
DWM1001C,OLS,40,punct_interior,4.965,8.0,2.5251,7.6827,246.0481,0123
DWM1001C,WLS,40,punct_interior,4.965,8.0,3.7819,7.6281,124.0125,0123
DWM1001C,RANSAC,40,punct_interior,4.965,8.0,6.6683,6.918,201.7916,013
DWM1001C,OLS,42,punct_interior,1.965,9.0,1.1552,8.9392,81.2064,0123
DWM1001C,WLS,42,punct_interior,1.965,9.0,1.217,8.9133,75.2994,0123
DWM1001C,RANSAC,42,punct_interior,1.965,9.0,1.0465,8.9353,92.0801,0123
DWM1001C,OLS,43,punct_interior,2.965,9.0,2.2771,8.9263,69.1816,0123
DWM1001C,WLS,43,punct_interior,2.965,9.0,2.3036,8.9318,66.4914,0123
DWM1001C,RANSAC,43,punct_interior,2.965,9.0,2.3,8.9271,66.9012,0123
DWM1001C,OLS,44,punct_interior,3.965,9.0,3.3845,8.9244,58.5359,0123
DWM1001C,WLS,44,punct_interior,3.965,9.0,3.9551,9.0316,3.3128,0123
DWM1001C,RANSAC,44,punct_interior,3.965,9.0,3.6771,8.9349,29.517,0123
DWM1001C,OLS,45,punct_interior,4.965,9.0,4.6108,8.8284,39.3614,0123
DWM1001C,WLS,45,punct_interior,4.965,9.0,5.6759,9.1446,72.5468,0123
DWM1001C,RANSAC,45,punct_interior,4.965,9.0,4.6108,8.8284,39.3614,0123
DWM1001C,OLS,47,punct_interior,1.965,10.0,1.3367,9.9856,62.8496,0123
DWM1001C,WLS,47,punct_interior,1.965,10.0,1.3344,9.9893,63.0703,0123
DWM1001C,RANSAC,47,punct_interior,1.965,10.0,1.4351,9.9891,53.0008,0123
DWM1001C,OLS,48,punct_interior,2.965,10.0,2.3314,9.855,64.9996,0123
DWM1001C,WLS,48,punct_interior,2.965,10.0,2.3849,9.882,59.1997,0123
DWM1001C,RANSAC,48,punct_interior,2.965,10.0,2.5417,9.8626,44.5038,0123
DWM1001C,OLS,49,punct_interior,3.965,10.0,3.3769,9.9373,59.1468,0123
DWM1001C,WLS,49,punct_interior,3.965,10.0,3.3029,9.9583,66.3458,0123
DWM1001C,RANSAC,49,punct_interior,3.965,10.0,4.1185,9.964,15.7647,0123
DWM1001C,OLS,50,punct_interior,4.965,10.0,4.2608,9.8128,72.8665,0123
DWM1001C,WLS,50,punct_interior,4.965,10.0,4.7948,9.906,19.4392,0123
DWM1001C,RANSAC,50,punct_interior,4.965,10.0,4.5567,9.8234,44.4843,0123
DWM1001C,OLS,52,punct_interior,1.965,11.0,1.2337,11.1844,75.4166,0234
DWM1001C,WLS,52,punct_interior,1.965,11.0,1.2248,11.1727,76.0068,0234
DWM1001C,RANSAC,52,punct_interior,1.965,11.0,1.2758,11.1748,71.1049,0234
DWM1001C,OLS,53,punct_interior,2.965,11.0,2.092,10.9241,87.6304,0234
DWM1001C,WLS,53,punct_interior,2.965,11.0,2.1408,10.9102,82.9119,0234
DWM1001C,RANSAC,53,punct_interior,2.965,11.0,2.1395,10.8605,83.7165,0234
DWM1001C,OLS,54,punct_interior,3.965,11.0,3.7319,10.9416,24.0259,0123
DWM1001C,WLS,54,punct_interior,3.965,11.0,3.4606,10.9954,50.4391,0123
DWM1001C,RANSAC,54,punct_interior,3.965,11.0,4.1697,11.0721,21.7025,0123
DWM1001C,OLS,55,punct_interior,4.965,11.0,3.9882,10.9939,97.6849,0123
DWM1001C,WLS,55,punct_interior,4.965,11.0,4.7465,11.1178,24.8253,0123
DWM1001C,RANSAC,55,punct_interior,4.965,11.0,4.6331,11.0172,33.2383,0123
DWM1001C,OLS,57,punct_interior,1.965,12.0,1.1889,12.496,92.1022,0234
DWM1001C,WLS,57,punct_interior,1.965,12.0,1.2007,12.4967,91.1482,0234
DWM1001C,RANSAC,57,punct_interior,1.965,12.0,1.1726,12.4998,93.6852,0234
DWM1001C,OLS,58,punct_interior,2.965,12.0,2.2242,11.952,74.2304,1234
DWM1001C,WLS,58,punct_interior,2.965,12.0,2.2451,11.8923,72.7915,1234
DWM1001C,RANSAC,58,punct_interior,2.965,12.0,2.2124,11.9711,75.3177,1234
DWM1001C,OLS,59,punct_interior,3.965,12.0,3.4786,11.7179,56.2247,0123
DWM1001C,WLS,59,punct_interior,3.965,12.0,3.4677,11.6948,58.3461,0123
DWM1001C,RANSAC,59,punct_interior,3.965,12.0,3.582,11.7216,47.3469,0123
DWM1001C,OLS,60,punct_interior,4.965,12.0,4.5628,11.9585,40.4334,0123
DWM1001C,WLS,60,punct_interior,4.965,12.0,4.73,11.8632,27.1938,0123
DWM1001C,RANSAC,60,punct_interior,4.965,12.0,5.193,11.9812,22.8729,0123
DWM1001C,OLS,63,punct_interior,2.965,13.0,2.2545,12.7112,76.6935,1234
DWM1001C,WLS,63,punct_interior,2.965,13.0,2.2175,12.6783,81.381,1234
DWM1001C,RANSAC,63,punct_interior,2.965,13.0,2.179,12.7126,83.6865,1234
DWM1001C,OLS,64,punct_interior,3.965,13.0,3.4728,12.768,54.4136,1234
DWM1001C,WLS,64,punct_interior,3.965,13.0,3.57,12.7877,44.8416,1234
DWM1001C,RANSAC,64,punct_interior,3.965,13.0,3.4064,12.7692,60.4392,1234
DWM1001C,OLS,65,punct_interior,4.965,13.0,4.7457,12.8644,25.7854,1234
DWM1001C,WLS,65,punct_interior,4.965,13.0,4.7354,12.8407,27.9426,1234
DWM1001C,RANSAC,65,punct_interior,4.965,13.0,4.6418,12.8663,34.9752,1234
DWM1001C,OLS,66,punct_interior,6.965,13.0,4.1386,16.7252,467.6123,1234
DWM1001C,WLS,66,punct_interior,6.965,13.0,5.1647,13.6867,192.6869,1234
DWM1001C,RANSAC,66,punct_interior,6.965,13.0,5.4528,13.038,151.2691,234
DWM1001C,OLS,67,punct_interior,7.965,13.0,6.7809,12.2794,138.6108,234
DWM1001C,WLS,67,punct_interior,7.965,13.0,6.7809,12.2794,138.6108,234
DWM1001C,RANSAC,67,punct_interior,7.965,13.0,6.7809,12.2794,138.6108,234
DWM1001C,OLS,68,punct_interior,8.965,13.0,7.189,12.8646,178.1105,234
DWM1001C,WLS,68,punct_interior,8.965,13.0,7.189,12.8646,178.1105,234
DWM1001C,RANSAC,68,punct_interior,8.965,13.0,7.189,12.8646,178.1105,234
DWM1001C,OLS,74,punct_interior,3.965,14.0,3.3999,13.8985,57.4161,1234
DWM1001C,WLS,74,punct_interior,3.965,14.0,3.4218,13.9089,55.0801,1234
DWM1001C,RANSAC,74,punct_interior,3.965,14.0,3.3682,13.899,60.5241,1234
DWM1001C,OLS,75,punct_interior,4.965,14.0,4.2371,14.1302,73.9425,1234
DWM1001C,WLS,75,punct_interior,4.965,14.0,4.2915,14.1434,68.8555,1234
DWM1001C,RANSAC,75,punct_interior,4.965,14.0,4.2051,14.1308,77.1054,1234
DWM1001C,OLS,85,punct_interior,4.965,15.0,4.3881,15.146,59.5086,1234
DWM1001C,WLS,85,punct_interior,4.965,15.0,4.3886,15.1464,59.4678,1234
DWM1001C,RANSAC,85,punct_interior,4.965,15.0,4.3877,15.146,59.5438,1234
DWM1001C,OLS,87,punct_interior,7.965,15.0,7.7947,14.822,24.633,234
DWM1001C,WLS,87,punct_interior,7.965,15.0,7.7947,14.822,24.633,234
DWM1001C,RANSAC,87,punct_interior,7.965,15.0,7.7947,14.822,24.633,234
DWM1001C,OLS,88,punct_interior,8.965,15.0,8.8518,14.7081,31.3117,234
DWM1001C,WLS,88,punct_interior,8.965,15.0,8.8518,14.7081,31.3117,234
DWM1001C,RANSAC,88,punct_interior,8.965,15.0,8.8518,14.7081,31.3117,234
DWM1001C,OLS,89,punct_interior,9.965,15.0,9.4943,14.9653,47.1974,234
DWM1001C,WLS,89,punct_interior,9.965,15.0,9.4943,14.9653,47.1974,234
DWM1001C,RANSAC,89,punct_interior,9.965,15.0,9.4943,14.9653,47.1974,234
DWM1001C,OLS,95,punct_interior,4.965,16.0,5.415,16.1321,46.8972,1234
DWM1001C,WLS,95,punct_interior,4.965,16.0,5.2508,16.1842,34.003,1234
DWM1001C,RANSAC,95,punct_interior,4.965,16.0,5.5242,16.1106,57.0019,1234
DWM1001C,OLS,96,punct_interior,6.965,16.0,7.0841,16.4041,42.1307,234
DWM1001C,WLS,96,punct_interior,6.965,16.0,7.0841,16.4041,42.1307,234
DWM1001C,RANSAC,96,punct_interior,6.965,16.0,7.0841,16.4041,42.1307,234
DWM1001C,OLS,97,punct_interior,7.965,16.0,8.1428,16.3387,38.2521,234
DWM1001C,WLS,97,punct_interior,7.965,16.0,8.1428,16.3387,38.2521,234
DWM1001C,RANSAC,97,punct_interior,7.965,16.0,8.1428,16.3387,38.2521,234
DWM1001C,OLS,98,punct_interior,8.965,16.0,9.0635,15.3887,61.9209,234
DWM1001C,WLS,98,punct_interior,8.965,16.0,9.0635,15.3887,61.9209,234
DWM1001C,RANSAC,98,punct_interior,8.965,16.0,9.0635,15.3887,61.9209,234
DWM1001C,OLS,99,punct_interior,9.965,16.0,10.0137,15.789,21.6605,234
DWM1001C,WLS,99,punct_interior,9.965,16.0,10.0137,15.789,21.6605,234
DWM1001C,RANSAC,99,punct_interior,9.965,16.0,10.0137,15.789,21.6605,234
DWM1001C,OLS,112,punct_exterior,1.965,18.0,1.3905,17.9823,57.4761,0234
DWM1001C,WLS,112,punct_exterior,1.965,18.0,1.391,17.9824,57.4289,0234
DWM1001C,RANSAC,112,punct_exterior,1.965,18.0,1.3919,17.982,57.3371,0234
DWM1001C,OLS,129,punct_exterior,9.965,19.0,11.1504,19.7536,140.4639,234
DWM1001C,WLS,129,punct_exterior,9.965,19.0,11.1504,19.7536,140.4639,234
DWM1001C,RANSAC,129,punct_exterior,9.965,19.0,11.1504,19.7536,140.4639,234
MK8000,OLS,1,punct_exterior,0.965,1.0,2.9065,-0.1337,224.8281,0123
MK8000,WLS,1,punct_exterior,0.965,1.0,1.3664,-0.0755,114.7981,0123
MK8000,RANSAC,1,punct_exterior,0.965,1.0,2.892,-0.4479,241.0349,0123
MK8000,OLS,2,punct_interior,1.965,1.0,2.8963,0.6747,98.6492,0123
MK8000,WLS,2,punct_interior,1.965,1.0,2.4202,0.7417,52.336,0123
MK8000,RANSAC,2,punct_interior,1.965,1.0,2.8918,0.5773,101.8651,0123
MK8000,OLS,3,punct_interior,2.965,1.0,3.8279,0.8182,88.188,0123
MK8000,WLS,3,punct_interior,2.965,1.0,3.5354,0.8639,58.6409,0123
MK8000,RANSAC,3,punct_interior,2.965,1.0,3.8246,0.7455,89.6455,0123
MK8000,OLS,4,punct_interior,3.965,1.0,2.5398,0.2961,158.9562,0123
MK8000,WLS,4,punct_interior,3.965,1.0,4.5001,0.9292,53.9731,0123
MK8000,RANSAC,4,punct_interior,3.965,1.0,2.5582,0.6962,143.9204,0123
MK8000,OLS,5,punct_interior,4.965,1.0,2.5901,-0.0238,258.6172,0123
MK8000,WLS,5,punct_interior,4.965,1.0,3.9957,0.7631,99.7794,0123
MK8000,RANSAC,5,punct_interior,4.965,1.0,2.6162,0.5441,239.2579,0123
MK8000,OLS,7,punct_interior,1.965,2.0,2.0905,1.9425,13.8034,0123
MK8000,WLS,7,punct_interior,1.965,2.0,2.3118,2.0284,34.7973,0123
MK8000,RANSAC,7,punct_interior,1.965,2.0,2.0927,1.9891,12.8111,0123
MK8000,OLS,8,punct_interior,2.965,2.0,5.1065,1.9356,214.2441,0123
MK8000,WLS,8,punct_interior,2.965,2.0,3.5142,2.149,56.9029,0123
MK8000,RANSAC,8,punct_interior,2.965,2.0,4.5586,1.7722,160.9796,0123
MK8000,OLS,9,punct_interior,3.965,2.0,3.0757,1.3168,112.1392,0123
MK8000,WLS,9,punct_interior,3.965,2.0,4.5854,1.4873,80.4803,0123
MK8000,RANSAC,9,punct_interior,3.965,2.0,3.0904,1.6363,94.7158,0123
MK8000,OLS,10,punct_interior,4.965,2.0,2.7608,1.059,239.6632,0123
MK8000,WLS,10,punct_interior,4.965,2.0,4.4518,1.3023,86.6156,0123
MK8000,RANSAC,10,punct_interior,4.965,2.0,2.7808,1.4921,224.2472,0123
MK8000,OLS,12,punct_interior,1.965,3.0,2.3372,2.9343,37.7989,0123
MK8000,WLS,12,punct_interior,1.965,3.0,2.4498,2.9158,49.21,0123
MK8000,RANSAC,12,punct_interior,1.965,3.0,2.3391,2.9751,37.494,0123
MK8000,OLS,13,punct_interior,2.965,3.0,4.0643,2.8571,110.8555,0123
MK8000,WLS,13,punct_interior,2.965,3.0,3.6593,2.9162,69.9318,0123
MK8000,RANSAC,13,punct_interior,2.965,3.0,4.0605,2.7741,111.8535,0123
MK8000,OLS,14,punct_interior,3.965,3.0,0.9046,2.6504,308.0342,0123
MK8000,WLS,14,punct_interior,3.965,3.0,3.8708,3.2877,30.2704,0123
MK8000,RANSAC,14,punct_interior,3.965,3.0,2.5425,2.7094,145.1887,0123
MK8000,OLS,15,punct_interior,4.965,3.0,3.6725,2.13,155.8032,0123
MK8000,WLS,15,punct_interior,4.965,3.0,5.6445,1.8683,132.0039,0123
MK8000,RANSAC,15,punct_interior,4.965,3.0,3.6926,2.5656,134.4507,0123
MK8000,OLS,18,punct_interior,2.965,4.0,3.1383,3.9441,18.2076,0123
MK8000,WLS,18,punct_interior,2.965,4.0,3.0622,3.9273,12.1321,0123
MK8000,RANSAC,18,punct_interior,2.965,4.0,3.1418,4.0205,17.7983,0123
MK8000,OLS,19,punct_interior,3.965,4.0,1.9945,3.6686,199.818,0123
MK8000,WLS,19,punct_interior,3.965,4.0,4.4874,4.1169,53.5295,0123
MK8000,RANSAC,19,punct_interior,3.965,4.0,3.1797,3.7112,83.6734,0123
MK8000,OLS,20,punct_interior,4.965,4.0,-5.3989,2.467,1047.6611,0124
MK8000,WLS,20,punct_interior,4.965,4.0,5.1543,4.153,24.3382,0124
MK8000,RANSAC,20,punct_interior,4.965,4.0,6.2116,4.4602,132.8795,012
MK8000,OLS,22,punct_interior,1.965,5.0,2.8246,4.7853,88.5965,0123
MK8000,WLS,22,punct_interior,1.965,5.0,2.4629,4.7197,57.1406,0123
MK8000,RANSAC,22,punct_interior,1.965,5.0,2.6579,4.7793,72.7223,0123
MK8000,OLS,23,punct_interior,2.965,5.0,2.1224,5.0593,84.4639,0123
MK8000,WLS,23,punct_interior,2.965,5.0,2.961,5.1692,16.9251,0123
MK8000,RANSAC,23,punct_interior,2.965,5.0,2.7027,5.0802,27.4337,0123
MK8000,OLS,24,punct_interior,3.965,5.0,-5.366,3.1981,950.3415,1234
MK8000,WLS,24,punct_interior,3.965,5.0,-5.7383,1.9183,1018.0876,1234
MK8000,RANSAC,24,punct_interior,3.965,5.0,3.3424,4.6103,73.4523,123
MK8000,OLS,25,punct_interior,4.965,5.0,2.2052,4.5172,280.1734,0123
MK8000,WLS,25,punct_interior,4.965,5.0,5.604,5.116,64.9448,0123
MK8000,RANSAC,25,punct_interior,4.965,5.0,3.7927,4.5743,124.7215,0123
MK8000,OLS,26,punct_exterior,0.965,6.0,0.5789,5.4718,65.4248,0123
MK8000,WLS,26,punct_exterior,0.965,6.0,1.7085,5.6899,80.5596,0123
MK8000,RANSAC,26,punct_exterior,0.965,6.0,1.1473,5.4923,53.9444,0123
MK8000,OLS,27,punct_interior,1.965,6.0,-1.8693,5.2502,390.6951,1234
MK8000,WLS,27,punct_interior,1.965,6.0,-2.1826,4.8104,431.4857,1234
MK8000,RANSAC,27,punct_interior,1.965,6.0,1.9367,5.8674,13.554,123
MK8000,OLS,28,punct_interior,2.965,6.0,1.8356,5.7005,116.8401,0123
MK8000,WLS,28,punct_interior,2.965,6.0,4.2932,5.3634,147.2847,0123
MK8000,RANSAC,28,punct_interior,2.965,6.0,2.9215,6.0243,4.9839,0123
MK8000,OLS,29,punct_interior,3.965,6.0,4.0495,6.0057,8.4727,0123
MK8000,WLS,29,punct_interior,3.965,6.0,4.7923,6.1516,84.1081,0123
MK8000,RANSAC,29,punct_interior,3.965,6.0,4.4871,6.0215,52.252,0123
MK8000,OLS,30,punct_interior,4.965,6.0,3.0522,5.3739,201.262,0123
MK8000,WLS,30,punct_interior,4.965,6.0,4.0843,5.0871,126.846,0123
MK8000,RANSAC,30,punct_interior,4.965,6.0,4.097,5.6855,92.3205,0123
MK8000,OLS,32,punct_interior,1.965,7.0,-0.4656,6.4813,248.5365,1234
MK8000,WLS,32,punct_interior,1.965,7.0,-0.7388,6.2091,281.7066,1234
MK8000,RANSAC,32,punct_interior,1.965,7.0,-1.0242,6.4915,303.2182,1234
MK8000,OLS,33,punct_interior,2.965,7.0,-0.1415,6.292,318.6135,1234
MK8000,WLS,33,punct_interior,2.965,7.0,-0.4001,5.9402,352.8028,1234
MK8000,RANSAC,33,punct_interior,2.965,7.0,-1.1552,6.3106,417.746,1234
MK8000,OLS,34,punct_interior,3.965,7.0,1.6308,6.6752,235.6705,1234
MK8000,WLS,34,punct_interior,3.965,7.0,2.3681,6.5597,165.6512,1234
MK8000,RANSAC,34,punct_interior,3.965,7.0,0.6467,6.6933,333.2431,1234
MK8000,OLS,35,punct_interior,4.965,7.0,0.0137,5.9219,506.7367,1234
MK8000,WLS,35,punct_interior,4.965,7.0,2.2571,5.909,291.9454,1234
MK8000,RANSAC,35,punct_interior,4.965,7.0,5.0594,6.7401,27.6501,123
MK8000,OLS,37,punct_interior,1.965,8.0,-0.7284,7.4408,275.0845,1234
MK8000,WLS,37,punct_interior,1.965,8.0,-0.2754,7.2356,236.7219,1234
MK8000,RANSAC,37,punct_interior,1.965,8.0,-1.73,7.4592,373.435,1234
MK8000,OLS,38,punct_interior,2.965,8.0,-0.0559,7.3416,309.1764,1234
MK8000,WLS,38,punct_interior,2.965,8.0,-0.6023,6.9912,370.721,1234
MK8000,RANSAC,38,punct_interior,2.965,8.0,-1.1114,7.361,412.6215,1234
MK8000,OLS,39,punct_interior,3.965,8.0,3.5558,7.9627,41.0914,0123
MK8000,WLS,39,punct_interior,3.965,8.0,3.9299,7.9256,8.2209,0123
MK8000,RANSAC,39,punct_interior,3.965,8.0,4.1571,7.9844,19.2738,0123
MK8000,OLS,40,punct_interior,4.965,8.0,4.0087,7.7289,99.3936,0123
MK8000,WLS,40,punct_interior,4.965,8.0,4.9767,7.7474,25.2876,0123
MK8000,RANSAC,40,punct_interior,4.965,8.0,5.0403,7.7661,24.5724,0123
MK8000,OLS,42,punct_interior,1.965,9.0,0.0584,8.7013,192.9879,1234
MK8000,WLS,42,punct_interior,1.965,9.0,0.3888,8.9232,157.8045,1234
MK8000,RANSAC,42,punct_interior,1.965,9.0,-0.4556,8.7107,243.783,1234
MK8000,OLS,43,punct_interior,2.965,9.0,-0.1891,8.3171,322.7172,1234
MK8000,WLS,43,punct_interior,2.965,9.0,0.0933,8.0199,303.4348,1234
MK8000,RANSAC,43,punct_interior,2.965,9.0,2.7332,8.791,31.2113,123
MK8000,OLS,44,punct_interior,3.965,9.0,0.7948,8.3055,324.5391,1234
MK8000,WLS,44,punct_interior,3.965,9.0,2.6128,8.4486,146.027,1234
MK8000,RANSAC,44,punct_interior,3.965,9.0,-0.3654,8.3268,438.2375,1234
MK8000,OLS,45,punct_interior,4.965,9.0,0.2287,7.9952,484.175,1234
MK8000,WLS,45,punct_interior,4.965,9.0,5.2389,8.8049,33.6308,1234
MK8000,RANSAC,45,punct_interior,4.965,9.0,5.2612,8.8114,35.1201,123
MK8000,OLS,47,punct_interior,1.965,10.0,1.194,9.6994,82.7513,1234
MK8000,WLS,47,punct_interior,1.965,10.0,1.3084,9.6322,75.2657,1234
MK8000,RANSAC,47,punct_interior,1.965,10.0,0.8424,9.7058,116.0532,1234
MK8000,OLS,48,punct_interior,2.965,10.0,2.1779,9.7945,81.3526,1234
MK8000,WLS,48,punct_interior,2.965,10.0,2.3741,9.721,65.348,1234
MK8000,RANSAC,48,punct_interior,2.965,10.0,1.7948,9.8015,118.688,1234
MK8000,OLS,49,punct_interior,3.965,10.0,1.4618,9.4616,256.0462,1234
MK8000,WLS,49,punct_interior,3.965,10.0,3.5056,9.8381,48.7121,1234
MK8000,RANSAC,49,punct_interior,3.965,10.0,0.5933,9.4775,341.1917,1234
MK8000,OLS,50,punct_interior,4.965,10.0,1.9696,9.3822,305.8406,1234
MK8000,WLS,50,punct_interior,4.965,10.0,4.7713,9.8398,25.1386,1234
MK8000,RANSAC,50,punct_interior,4.965,10.0,0.8789,9.4022,412.9649,1234
MK8000,OLS,52,punct_interior,1.965,11.0,1.0268,10.7059,98.3206,1234
MK8000,WLS,52,punct_interior,1.965,11.0,0.8337,10.4984,123.7481,1234
MK8000,RANSAC,52,punct_interior,1.965,11.0,0.5866,10.714,140.7739,1234
MK8000,OLS,53,punct_interior,2.965,11.0,1.734,10.6856,127.0566,1234
MK8000,WLS,53,punct_interior,2.965,11.0,1.6987,10.6143,132.379,1234
MK8000,RANSAC,53,punct_interior,2.965,11.0,1.4271,10.6912,156.8591,1234
MK8000,OLS,54,punct_interior,3.965,11.0,3.4333,10.7402,59.1761,1234
MK8000,WLS,54,punct_interior,3.965,11.0,3.5416,10.7124,51.1842,1234
MK8000,RANSAC,54,punct_interior,3.965,11.0,3.2332,10.7438,77.5308,1234
MK8000,OLS,55,punct_interior,4.965,11.0,1.8102,10.3076,322.9891,1234
MK8000,WLS,55,punct_interior,4.965,11.0,5.025,10.834,17.6476,1234
MK8000,RANSAC,55,punct_interior,4.965,11.0,5.0345,10.8305,18.324,123
MK8000,OLS,57,punct_interior,1.965,12.0,1.4004,11.6848,64.6665,1234
MK8000,WLS,57,punct_interior,1.965,12.0,1.9641,11.7222,27.7763,1234
MK8000,RANSAC,57,punct_interior,1.965,12.0,0.978,11.6925,103.3742,1234
MK8000,OLS,58,punct_interior,2.965,12.0,0.5387,12.1144,242.9008,1234
MK8000,WLS,58,punct_interior,2.965,12.0,2.4223,11.8264,56.9827,1234
MK8000,RANSAC,58,punct_interior,2.965,12.0,0.8586,11.601,214.3883,1234
MK8000,OLS,59,punct_interior,3.965,12.0,1.9307,12.1157,203.7621,1234
MK8000,WLS,59,punct_interior,3.965,12.0,3.7844,11.8405,24.0989,1234
MK8000,RANSAC,59,punct_interior,3.965,12.0,2.2265,11.6409,177.5162,1234
MK8000,OLS,60,punct_interior,4.965,12.0,3.9942,11.8903,97.6988,1234
MK8000,WLS,60,punct_interior,4.965,12.0,4.1408,11.8254,84.2519,1234
MK8000,RANSAC,60,punct_interior,4.965,12.0,4.1448,11.6485,89.2294,1234
MK8000,OLS,63,punct_interior,2.965,13.0,1.2149,12.2667,189.7537,1234
MK8000,WLS,63,punct_interior,2.965,13.0,1.3913,12.1257,180.0265,1234
MK8000,RANSAC,63,punct_interior,2.965,13.0,0.654,12.2769,242.1507,1234
MK8000,OLS,64,punct_interior,3.965,13.0,3.392,12.9378,57.6403,1234
MK8000,WLS,64,punct_interior,3.965,13.0,3.3553,12.8839,62.0621,1234
MK8000,RANSAC,64,punct_interior,3.965,13.0,3.2364,12.9406,73.1057,1234
MK8000,OLS,65,punct_interior,4.965,13.0,4.4503,12.9782,51.5142,1234
MK8000,WLS,65,punct_interior,4.965,13.0,4.4006,13.3808,68.0864,1234
MK8000,RANSAC,65,punct_interior,4.965,13.0,4.2861,12.9812,67.9167,1234
MK8000,OLS,66,punct_interior,6.965,13.0,3.9284,16.877,492.4657,1234
MK8000,WLS,66,punct_interior,6.965,13.0,2.8122,15.2929,474.3733,1234
MK8000,RANSAC,66,punct_interior,6.965,13.0,3.3448,17.8135,602.2908,1234
MK8000,OLS,67,punct_interior,7.965,13.0,2.977,18.188,719.6908,1234
MK8000,WLS,67,punct_interior,7.965,13.0,3.1658,15.7555,553.4001,1234
MK8000,RANSAC,67,punct_interior,7.965,13.0,-0.486,17.6264,963.4509,123
MK8000,OLS,68,punct_interior,8.965,13.0,6.6088,16.6396,433.5704,1234
MK8000,WLS,68,punct_interior,8.965,13.0,5.7566,16.9361,507.808,1234
MK8000,RANSAC,68,punct_interior,8.965,13.0,2.9149,16.4377,695.8524,123
MK8000,OLS,74,punct_interior,3.965,14.0,2.4221,14.0478,154.3591,1234
MK8000,WLS,74,punct_interior,3.965,14.0,2.7461,13.9101,122.2178,1234
MK8000,RANSAC,74,punct_interior,3.965,14.0,2.6573,13.6704,134.8614,1234
MK8000,OLS,75,punct_interior,4.965,14.0,3.4201,15.3755,206.8479,1234
MK8000,WLS,75,punct_interior,4.965,14.0,3.1867,15.2758,218.8628,1234
MK8000,RANSAC,75,punct_interior,4.965,14.0,3.3406,15.5032,221.3214,1234
MK8000,OLS,85,punct_interior,4.965,15.0,4.4246,15.4005,67.2581,1234
MK8000,WLS,85,punct_interior,4.965,15.0,5.0279,15.5052,50.907,1234
MK8000,RANSAC,85,punct_interior,4.965,15.0,4.1722,15.4051,89.0301,1234
MK8000,OLS,87,punct_interior,7.965,15.0,6.7122,19.5527,472.1898,1234
MK8000,WLS,87,punct_interior,7.965,15.0,8.1223,18.2523,325.6098,1234
MK8000,RANSAC,87,punct_interior,7.965,15.0,2.4052,19.3173,703.9173,123
MK8000,OLS,88,punct_interior,8.965,15.0,7.8636,18.5814,374.69,1234
MK8000,WLS,88,punct_interior,8.965,15.0,7.6805,17.8768,315.0549,1234
MK8000,RANSAC,88,punct_interior,8.965,15.0,7.2227,18.7075,409.6451,1234
MK8000,OLS,89,punct_interior,9.965,15.0,9.2087,16.9967,213.5081,1234
MK8000,WLS,89,punct_interior,9.965,15.0,9.5156,15.5434,70.515,1234
MK8000,RANSAC,89,punct_interior,9.965,15.0,8.8877,17.0598,232.4545,1234
MK8000,OLS,95,punct_interior,4.965,16.0,5.3183,16.0679,35.9771,1234
MK8000,WLS,95,punct_interior,4.965,16.0,5.1664,16.4831,52.3436,1234
MK8000,RANSAC,95,punct_interior,4.965,16.0,5.4212,15.9027,46.6493,1234
MK8000,OLS,96,punct_interior,6.965,16.0,5.2755,21.688,593.3669,1234
MK8000,WLS,96,punct_interior,6.965,16.0,5.2735,18.1902,276.7292,1234
MK8000,RANSAC,96,punct_interior,6.965,16.0,7.0814,16.6213,63.2122,234
MK8000,OLS,97,punct_interior,7.965,16.0,7.7121,19.3346,334.4219,1234
MK8000,WLS,97,punct_interior,7.965,16.0,8.7909,18.6525,277.8059,1234
MK8000,RANSAC,97,punct_interior,7.965,16.0,7.3546,19.9085,395.5895,1234
MK8000,OLS,98,punct_interior,8.965,16.0,8.3077,20.1568,420.8431,1234
MK8000,WLS,98,punct_interior,8.965,16.0,9.8622,19.3719,348.924,1234
MK8000,RANSAC,98,punct_interior,8.965,16.0,7.687,20.279,446.5732,1234
MK8000,OLS,99,punct_interior,9.965,16.0,8.636,21.3485,551.1154,1234
MK8000,WLS,99,punct_interior,9.965,16.0,8.5634,19.4083,368.5271,1234
MK8000,RANSAC,99,punct_interior,9.965,16.0,3.3705,21.0607,831.2523,123
MK8000,OLS,112,punct_exterior,1.965,18.0,1.4527,17.0696,106.2105,1234
MK8000,WLS,112,punct_exterior,1.965,18.0,1.055,17.07,130.118,1234
MK8000,RANSAC,112,punct_exterior,1.965,18.0,1.3728,17.1978,99.7125,1234
MK8000,OLS,129,punct_exterior,9.965,19.0,9.9129,25.8058,680.6041,1234
MK8000,WLS,129,punct_exterior,9.965,19.0,9.2746,25.4291,646.6027,1234
MK8000,RANSAC,129,punct_exterior,9.965,19.0,11.3187,20.1034,174.6451,234
